victim,i,triple,c_obs,rampart_add,rampart_full,violates_add,violates_full
adpcm_dec,0,minver+bitonic+adpcm_enc,179255.0,183349.1,186375.4,False,False
adpcm_dec,1,quicksort+dijkstra+cubic,179213.0,183349.1,186375.4,False,False
adpcm_dec,2,cover+bsort+quicksort,179108.5,183349.1,186375.4,False,False
adpcm_dec,3,bitcount+petrinet+quicksort,179753.5,183349.1,186375.4,False,False
adpcm_dec,4,jfdctint+binarysearch+ludcmp,179469.5,183349.1,186375.4,False,False
adpcm_dec,5,gsm_enc+ammunition+adpcm_enc,179644.5,183349.1,186375.4,False,False
adpcm_dec,6,binarysearch+countnegative+cover,179476.5,183349.1,186375.4,False,False
adpcm_dec,7,insertsort+matrix1+adpcm_enc,179340.0,183349.1,186375.4,False,False
adpcm_dec,8,lift+cosf+powerwindow,179479.0,183349.1,186375.4,False,False
adpcm_dec,9,mpeg2+pm+jfdctint,179297.0,183349.1,186375.4,False,False
adpcm_dec,10,gsm_dec+cover+h264_dec,179384.0,183349.1,186375.4,False,False
adpcm_dec,11,ludcmp+dijkstra+rijndael_enc,179686.5,183349.1,186375.4,False,False
adpcm_dec,12,susan+adpcm_dec+rad2deg,179255.5,183349.1,186375.4,False,False
adpcm_dec,13,rijndael_enc+cjpeg_wrbmp+pm,179442.0,183349.1,186375.4,False,False
adpcm_dec,14,gsm_enc+fft+dijkstra,179507.0,183349.1,186375.4,False,False
adpcm_dec,15,cjpeg_transupp+countnegative+rad2deg,179286.0,183349.1,186375.4,False,False
adpcm_dec,16,fft+bitcount+binarysearch,180206.5,183349.1,186375.4,False,False
adpcm_dec,17,fmref+bitcount+filterbank,179311.5,183349.1,186375.4,False,False
adpcm_dec,18,statemate+filterbank+matrix1,179276.0,183349.1,186375.4,False,False
adpcm_dec,19,deg2rad+rijndael_enc+ammunition,179276.0,183349.1,186375.4,False,False
adpcm_enc,0,prime+huff_dec+jfdctint,174179.0,177067.4,177067.4,False,False
adpcm_enc,1,bitonic+fmref+binarysearch,174080.5,177067.4,177067.4,False,False
adpcm_enc,2,lift+duff+st,174463.0,177067.4,177067.4,False,False
adpcm_enc,3,minver+md5+test3,174239.5,177067.4,177067.4,False,False
adpcm_enc,4,susan+fir2dim+lms,173961.0,177067.4,177067.4,False,False
adpcm_enc,5,cosf+powerwindow+audiobeam,176362.5,177067.4,177067.4,False,False
adpcm_enc,6,ammunition+ndes+cover,174032.0,177067.4,177067.4,False,False
adpcm_enc,7,recursion+duff+binarysearch,174042.0,177067.4,177067.4,False,False
adpcm_enc,8,statemate+cover+susan,174207.5,177067.4,177067.4,False,False
adpcm_enc,9,bitcount+fmref+dijkstra,174078.5,177067.4,177067.4,False,False
adpcm_enc,10,huff_dec+minver+st,174352.0,177067.4,177067.4,False,False
adpcm_enc,11,fir2dim+cjpeg_wrbmp+filterbank,174138.0,177067.4,177067.4,False,False
adpcm_enc,12,countnegative+ndes+dijkstra,175230.5,177067.4,177067.4,False,False
adpcm_enc,13,pm+petrinet+mpeg2,174373.0,177067.4,177067.4,False,False
adpcm_enc,14,audiobeam+matrix1+minver,174392.5,177067.4,177067.4,False,False
adpcm_enc,15,cjpeg_wrbmp+jfdctint+prime,174259.5,177067.4,177067.4,False,False
adpcm_enc,16,cubic+cjpeg_wrbmp+huff_dec,176688.5,177067.4,177067.4,False,False
adpcm_enc,17,fmref+dijkstra+minver,174514.5,177067.4,177067.4,False,False
adpcm_enc,18,pm+lift+cover,174304.0,177067.4,177067.4,False,False
adpcm_enc,19,petrinet+fac+st,174334.0,177067.4,177067.4,False,False
ammunition,0,recursion+anagram+cover,80684566.5,82310311.7,82680339.1,False,False
ammunition,1,sha+ammunition+rijndael_enc,80707571.0,82310311.7,82680339.1,False,False
ammunition,2,fac+g723_enc+dijkstra,80676947.0,82310311.7,82680339.1,False,False
ammunition,3,audiobeam+countnegative+lms,80724054.0,82310311.7,82680339.1,False,False
ammunition,4,test3+powerwindow+fac,80688403.5,82310311.7,82680339.1,False,False
ammunition,5,countnegative+mpeg2+iir,80692085.5,82310311.7,82680339.1,False,False
ammunition,6,g723_enc+test3+mpeg2,80716875.5,82310311.7,82680339.1,False,False
ammunition,7,huff_dec+cjpeg_transupp+deg2rad,80701641.5,82310311.7,82680339.1,False,False
ammunition,8,bsort+cubic+quicksort,80693435.0,82310311.7,82680339.1,False,False
ammunition,9,lift+jfdctint+deg2rad,80724381.0,82310311.7,82680339.1,False,False
ammunition,10,quicksort+ludcmp+gsm_enc,80713431.5,82310311.7,82680339.1,False,False
ammunition,11,ludcmp+g723_enc+fir2dim,80687757.0,82310311.7,82680339.1,False,False
ammunition,12,cover+bsort+insertsort,80704012.0,82310311.7,82680339.1,False,False
ammunition,13,iir+binarysearch+rad2deg,80707430.5,82310311.7,82680339.1,False,False
ammunition,14,anagram+susan+bitonic,80681004.5,82310311.7,82680339.1,False,False
ammunition,15,cjpeg_transupp+minver+cjpeg_wrbmp,80694731.5,82310311.7,82680339.1,False,False
ammunition,16,rijndael_dec+petrinet+gsm_enc,80685769.5,82310311.7,82680339.1,False,False
ammunition,17,matrix1+audiobeam+fmref,80701841.0,82310311.7,82680339.1,False,False
ammunition,18,fmref+matrix1+huff_dec,80707030.0,82310311.7,82680339.1,False,False
ammunition,19,isqrt+deg2rad+lift,80713400.5,82310311.7,82680339.1,False,False
anagram,0,susan+adpcm_dec+petrinet,0,0.0,0.0,False,False
anagram,1,prime+bitonic+petrinet,0,0.0,0.0,False,False
anagram,2,test3+jfdctint+rad2deg,0,0.0,0.0,False,False
anagram,3,dijkstra+recursion+mpeg2,0,0.0,0.0,False,False
anagram,4,fft+bitonic+duff,0,0.0,0.0,False,False
anagram,5,gsm_enc+cjpeg_wrbmp+huff_dec,0,0.0,0.0,False,False
anagram,6,adpcm_dec+prime+test3,0,0.0,0.0,False,False
anagram,7,prime+deg2rad+insertsort,0,0.0,0.0,False,False
anagram,8,rad2deg+complex_updates+insertsort,0,0.0,0.0,False,False
anagram,9,bitcount+susan+minver,0,0.0,0.0,False,False
anagram,10,epic+st+minver,0,0.0,0.0,False,False
anagram,11,insertsort+matrix1+cosf,0,0.0,0.0,False,False
anagram,12,cjpeg_transupp+fir2dim+rad2deg,0,0.0,0.0,False,False
anagram,13,cjpeg_wrbmp+jfdctint+recursion,0,0.0,0.0,False,False
anagram,14,isqrt+adpcm_dec+matrix1,0,0.0,0.0,False,False
anagram,15,fac+iir+adpcm_enc,0,0.0,0.0,False,False
anagram,16,bitonic+fir2dim+test3,0,0.0,0.0,False,False
anagram,17,st+rijndael_enc+epic,0,0.0,0.0,False,False
anagram,18,cubic+anagram+test3,0,0.0,0.0,False,False
anagram,19,lms+binarysearch+prime,0,0.0,0.0,False,False
audiobeam,0,iir+sha+audiobeam,0,0.0,0.0,False,False
audiobeam,1,rad2deg+jfdctint+recursion,0,0.0,0.0,False,False
audiobeam,2,bsort+ndes+huff_enc,0,0.0,0.0,False,False
audiobeam,3,lift+cjpeg_wrbmp+deg2rad,0,0.0,0.0,False,False
audiobeam,4,isqrt+susan+matrix1,0,0.0,0.0,False,False
audiobeam,5,gsm_enc+countnegative+jfdctint,0,0.0,0.0,False,False
audiobeam,6,rad2deg+prime+pm,0,0.0,0.0,False,False
audiobeam,7,cosf+powerwindow+epic,0,0.0,0.0,False,False
audiobeam,8,g723_enc+ndes+mpeg2,0,0.0,0.0,False,False
audiobeam,9,fir2dim+h264_dec+isqrt,0,0.0,0.0,False,False
audiobeam,10,h264_dec+bitonic+cubic,0,0.0,0.0,False,False
audiobeam,11,cover+audiobeam+fft,0,0.0,0.0,False,False
audiobeam,12,adpcm_enc+ludcmp+lift,0,0.0,0.0,False,False
audiobeam,13,cover+ludcmp+adpcm_dec,0,0.0,0.0,False,False
audiobeam,14,audiobeam+powerwindow+minver,0,0.0,0.0,False,False
audiobeam,15,anagram+cover+audiobeam,0,0.0,0.0,False,False
audiobeam,16,ammunition+susan+fft,0,0.0,0.0,False,False
audiobeam,17,audiobeam+insertsort+cubic,0,0.0,0.0,False,False
audiobeam,18,dijkstra+ndes+iir,0,0.0,0.0,False,False
audiobeam,19,countnegative+jfdctint+bsort,0,0.0,0.0,False,False
binarysearch,0,prime+test3+lms,678.0,705.8,706.9,False,False
binarysearch,1,lms+huff_enc+cubic,673.0,705.8,706.9,False,False
binarysearch,2,rijndael_dec+huff_enc+rijndael_enc,665.5,705.8,706.9,False,False
binarysearch,3,gsm_dec+cosf+bitcount,693.0,705.8,706.9,False,False
binarysearch,4,bitcount+ndes+gsm_enc,669.0,705.8,706.9,False,False
binarysearch,5,filterbank+gsm_enc+gsm_dec,667.0,705.8,706.9,False,False
binarysearch,6,huff_dec+susan+prime,659.0,705.8,706.9,False,False
binarysearch,7,anagram+petrinet+mpeg2,680.0,705.8,706.9,False,False
binarysearch,8,mpeg2+bitcount+anagram,681.5,705.8,706.9,False,False
binarysearch,9,g723_enc+prime+fft,683.5,705.8,706.9,False,False
binarysearch,10,rijndael_enc+susan+bitcount,685.5,705.8,706.9,False,False
binarysearch,11,cubic+cosf+jfdctint,704.0,705.8,706.9,False,False
binarysearch,12,h264_dec+bsort+gsm_enc,673.0,705.8,706.9,False,False
binarysearch,13,complex_updates+dijkstra+huff_dec,680.0,705.8,706.9,False,False
binarysearch,14,cubic+susan+audiobeam,684.0,705.8,706.9,False,False
binarysearch,15,h264_dec+rijndael_enc+susan,677.0,705.8,706.9,False,False
binarysearch,16,statemate+lift+bitcount,674.0,705.8,706.9,False,False
binarysearch,17,anagram+mpeg2+jfdctint,680.5,705.8,706.9,False,False
binarysearch,18,st+adpcm_dec+binarysearch,694.0,705.8,706.9,False,False
binarysearch,19,rad2deg+statemate+cubic,722.0,705.8,706.9,True,True
bitcount,0,cjpeg_wrbmp+gsm_dec+iir,13701.0,14317.7,14317.7,False,False
bitcount,1,huff_enc+countnegative+susan,13648.0,14317.7,14317.7,False,False
bitcount,2,g723_enc+anagram+cjpeg_wrbmp,13616.5,14317.7,14317.7,False,False
bitcount,3,fmref+adpcm_dec+deg2rad,13729.5,14317.7,14317.7,False,False
bitcount,4,rijndael_dec+huff_dec+duff,13609.5,14317.7,14317.7,False,False
bitcount,5,gsm_enc+pm+prime,13514.0,14317.7,14317.7,False,False
bitcount,6,rijndael_dec+lift+ndes,13377.5,14317.7,14317.7,False,False
bitcount,7,powerwindow+iir+cjpeg_transupp,13760.5,14317.7,14317.7,False,False
bitcount,8,cosf+duff+countnegative,13713.0,14317.7,14317.7,False,False
bitcount,9,anagram+ludcmp+quicksort,13592.0,14317.7,14317.7,False,False
bitcount,10,jfdctint+anagram+quicksort,13564.5,14317.7,14317.7,False,False
bitcount,11,fac+anagram+ludcmp,13527.0,14317.7,14317.7,False,False
bitcount,12,huff_enc+insertsort+statemate,13628.0,14317.7,14317.7,False,False
bitcount,13,isqrt+cjpeg_wrbmp+anagram,13634.5,14317.7,14317.7,False,False
bitcount,14,insertsort+binarysearch+statemate,13723.0,14317.7,14317.7,False,False
bitcount,15,complex_updates+audiobeam+matrix1,13606.5,14317.7,14317.7,False,False
bitcount,16,audiobeam+petrinet+susan,13706.5,14317.7,14317.7,False,False
bitcount,17,cubic+g723_enc+bitonic,13634.5,14317.7,14317.7,False,False
bitcount,18,test3+lms+cubic,13634.0,14317.7,14317.7,False,False
bitcount,19,ludcmp+matrix1+ammunition,13249.5,14317.7,14317.7,False,False
bitonic,0,md5+binarysearch+gsm_dec,7121.0,7262.9,7465.4,False,False
bitonic,1,ndes+ludcmp+lms,6983.5,7262.9,7465.4,False,False
bitonic,2,isqrt+fac+deg2rad,7200.5,7262.9,7465.4,False,False
bitonic,3,countnegative+ndes+powerwindow,7046.5,7262.9,7465.4,False,False
bitonic,4,fac+cubic+deg2rad,6944.0,7262.9,7465.4,False,False
bitonic,5,g723_enc+bsort+ndes,7154.0,7262.9,7465.4,False,False
bitonic,6,mpeg2+epic+huff_dec,6898.0,7262.9,7465.4,False,False
bitonic,7,fac+rad2deg+audiobeam,7143.5,7262.9,7465.4,False,False
bitonic,8,adpcm_dec+huff_dec+md5,6905.0,7262.9,7465.4,False,False
bitonic,9,lms+bitcount+audiobeam,6907.5,7262.9,7465.4,False,False
bitonic,10,jfdctint+countnegative+insertsort,6931.5,7262.9,7465.4,False,False
bitonic,11,deg2rad+bsort+filterbank,7102.0,7262.9,7465.4,False,False
bitonic,12,test3+audiobeam+cubic,7085.0,7262.9,7465.4,False,False
bitonic,13,fir2dim+duff+cjpeg_wrbmp,7023.5,7262.9,7465.4,False,False
bitonic,14,h264_dec+st+jfdctint,6971.0,7262.9,7465.4,False,False
bitonic,15,powerwindow+epic+md5,6882.0,7262.9,7465.4,False,False
bitonic,16,rijndael_enc+mpeg2+isqrt,6978.5,7262.9,7465.4,False,False
bitonic,17,adpcm_dec+ndes+sha,6953.0,7262.9,7465.4,False,False
bitonic,18,lift+epic+ndes,6963.0,7262.9,7465.4,False,False
bitonic,19,bitcount+test3+bsort,6989.5,7262.9,7465.4,False,False
bsort,0,deg2rad+bitonic+test3,75300.0,76539.8,76539.8,False,False
bsort,1,bitcount+quicksort+lift,74775.0,76539.8,76539.8,False,False
bsort,2,cjpeg_transupp+dijkstra+duff,74659.0,76539.8,76539.8,False,False
bsort,3,matrix1+countnegative+powerwindow,74708.0,76539.8,76539.8,False,False
bsort,4,fft+countnegative+petrinet,74696.5,76539.8,76539.8,False,False
bsort,5,minver+statemate+deg2rad,74733.5,76539.8,76539.8,False,False
bsort,6,insertsort+iir+deg2rad,74889.0,76539.8,76539.8,False,False
bsort,7,statemate+anagram+binarysearch,75272.0,76539.8,76539.8,False,False
bsort,8,minver+gsm_enc+st,74806.0,76539.8,76539.8,False,False
bsort,9,dijkstra+ammunition+adpcm_dec,74575.0,76539.8,76539.8,False,False
bsort,10,fft+recursion+bsort,74714.5,76539.8,76539.8,False,False
bsort,11,minver+deg2rad+cjpeg_wrbmp,74678.5,76539.8,76539.8,False,False
bsort,12,quicksort+h264_dec+lift,74726.5,76539.8,76539.8,False,False
bsort,13,powerwindow+gsm_enc+lift,75031.0,76539.8,76539.8,False,False
bsort,14,adpcm_dec+bitonic+audiobeam,74593.0,76539.8,76539.8,False,False
bsort,15,test3+pm+cjpeg_transupp,74756.0,76539.8,76539.8,False,False
bsort,16,jfdctint+ammunition+st,74681.5,76539.8,76539.8,False,False
bsort,17,fir2dim+ludcmp+lift,74609.5,76539.8,76539.8,False,False
bsort,18,cjpeg_transupp+gsm_enc+bsort,74572.5,76539.8,76539.8,False,False
bsort,19,ammunition+epic+fir2dim,74629.5,76539.8,76539.8,False,False
cjpeg_transupp,0,rijndael_dec+susan+ammunition,2168659.0,2215353.8,2239219.8,False,False
cjpeg_transupp,1,filterbank+countnegative+petrinet,2160503.5,2215353.8,2239219.8,False,False
cjpeg_transupp,2,cubic+ndes+bitcount,2165947.0,2215353.8,2239219.8,False,False
cjpeg_transupp,3,filterbank+recursion+lift,2159930.0,2215353.8,2239219.8,False,False
cjpeg_transupp,4,test3+susan+gsm_dec,2170510.0,2215353.8,2239219.8,False,False
cjpeg_transupp,5,md5+quicksort+cjpeg_transupp,2161219.0,2215353.8,2239219.8,False,False
cjpeg_transupp,6,cubic+susan+cjpeg_wrbmp,2162185.0,2215353.8,2239219.8,False,False
cjpeg_transupp,7,rijndael_enc+complex_updates+test3,2160114.0,2215353.8,2239219.8,False,False
cjpeg_transupp,8,gsm_dec+adpcm_enc+complex_updates,2169108.0,2215353.8,2239219.8,False,False
cjpeg_transupp,9,quicksort+fft+rijndael_dec,2169906.5,2215353.8,2239219.8,False,False
cjpeg_transupp,10,gsm_dec+rijndael_enc+ndes,2165822.5,2215353.8,2239219.8,False,False
cjpeg_transupp,11,susan+quicksort+rijndael_enc,2157155.0,2215353.8,2239219.8,False,False
cjpeg_transupp,12,cubic+dijkstra+cjpeg_wrbmp,2165734.5,2215353.8,2239219.8,False,False
cjpeg_transupp,13,rijndael_dec+pm+bitcount,2152947.5,2215353.8,2239219.8,False,False
cjpeg_transupp,14,fmref+susan+ammunition,2157950.5,2215353.8,2239219.8,False,False
cjpeg_transupp,15,statemate+huff_enc+cover,2172025.0,2215353.8,2239219.8,False,False
cjpeg_transupp,16,cosf+sha+huff_dec,2149951.5,2215353.8,2239219.8,False,False
cjpeg_transupp,17,filterbank+epic+sha,2168813.5,2215353.8,2239219.8,False,False
cjpeg_transupp,18,rijndael_dec+susan+cover,2162733.0,2215353.8,2239219.8,False,False
cjpeg_transupp,19,cover+adpcm_enc+ndes,2169831.5,2215353.8,2239219.8,False,False
cjpeg_wrbmp,0,cosf+g723_enc+fft,73062.5,77976.4,78309.0,False,False
cjpeg_wrbmp,1,dijkstra+susan+audiobeam,71988.5,77976.4,78309.0,False,False
cjpeg_wrbmp,2,recursion+dijkstra+filterbank,73371.5,77976.4,78309.0,False,False
cjpeg_wrbmp,3,mpeg2+insertsort+g723_enc,75953.5,77976.4,78309.0,False,False
cjpeg_wrbmp,4,petrinet+st+jfdctint,73590.0,77976.4,78309.0,False,False
cjpeg_wrbmp,5,fft+adpcm_enc+bitonic,76611.0,77976.4,78309.0,False,False
cjpeg_wrbmp,6,test3+deg2rad+complex_updates,74298.5,77976.4,78309.0,False,False
cjpeg_wrbmp,7,ludcmp+deg2rad+ammunition,74245.5,77976.4,78309.0,False,False
cjpeg_wrbmp,8,bitcount+matrix1+gsm_enc,74142.5,77976.4,78309.0,False,False
cjpeg_wrbmp,9,filterbank+prime+rijndael_dec,73866.5,77976.4,78309.0,False,False
cjpeg_wrbmp,10,fac+gsm_enc+matrix1,76776.0,77976.4,78309.0,False,False
cjpeg_wrbmp,11,insertsort+bitonic+fmref,76418.0,77976.4,78309.0,False,False
cjpeg_wrbmp,12,lms+cosf+deg2rad,74286.0,77976.4,78309.0,False,False
cjpeg_wrbmp,13,ammunition+powerwindow+gsm_enc,76340.5,77976.4,78309.0,False,False
cjpeg_wrbmp,14,adpcm_dec+isqrt+rijndael_enc,74256.0,77976.4,78309.0,False,False
cjpeg_wrbmp,15,jfdctint+petrinet+prime,74507.0,77976.4,78309.0,False,False
cjpeg_wrbmp,16,quicksort+ndes+cosf,74143.0,77976.4,78309.0,False,False
cjpeg_wrbmp,17,fir2dim+gsm_enc+audiobeam,75498.5,77976.4,78309.0,False,False
cjpeg_wrbmp,18,ndes+fft+md5,73754.0,77976.4,78309.0,False,False
cjpeg_wrbmp,19,fac+ndes+statemate,72461.0,77976.4,78309.0,False,False
complex_updates,0,bitonic+prime+epic,974.0,1023.6,1103.1,False,False
complex_updates,1,insertsort+epic+ndes,956.0,1023.6,1103.1,False,False
complex_updates,2,gsm_dec+fac+g723_enc,985.0,1023.6,1103.1,False,False
complex_updates,3,pm+duff+lift,978.0,1023.6,1103.1,False,False
complex_updates,4,bsort+cosf+gsm_dec,977.0,1023.6,1103.1,False,False
complex_updates,5,ndes+fmref+petrinet,965.0,1023.6,1103.1,False,False
complex_updates,6,quicksort+complex_updates+md5,1088.0,1023.6,1103.1,True,False
complex_updates,7,lms+epic+g723_enc,965.0,1023.6,1103.1,False,False
complex_updates,8,lift+st+adpcm_dec,980.0,1023.6,1103.1,False,False
complex_updates,9,epic+duff+countnegative,978.5,1023.6,1103.1,False,False
complex_updates,10,gsm_enc+rijndael_dec+ludcmp,978.0,1023.6,1103.1,False,False
complex_updates,11,matrix1+mpeg2+fac,981.0,1023.6,1103.1,False,False
complex_updates,12,huff_dec+h264_dec+petrinet,978.0,1023.6,1103.1,False,False
complex_updates,13,countnegative+insertsort+huff_enc,977.5,1023.6,1103.1,False,False
complex_updates,14,rijndael_dec+quicksort+cjpeg_wrbmp,966.0,1023.6,1103.1,False,False
complex_updates,15,ndes+binarysearch+duff,965.5,1023.6,1103.1,False,False
complex_updates,16,insertsort+ndes+minver,963.0,1023.6,1103.1,False,False
complex_updates,17,md5+fft+binarysearch,971.0,1023.6,1103.1,False,False
complex_updates,18,sha+rad2deg+cubic,960.0,1023.6,1103.1,False,False
complex_updates,19,petrinet+epic+cover,968.0,1023.6,1103.1,False,False
cosf,0,rijndael_enc+cosf+cjpeg_transupp,14036.0,14327.9,14327.9,False,False
cosf,1,adpcm_enc+ammunition+cubic,13930.5,14327.9,14327.9,False,False
cosf,2,huff_enc+md5+statemate,13939.0,14327.9,14327.9,False,False
cosf,3,recursion+audiobeam+huff_dec,13928.0,14327.9,14327.9,False,False
cosf,4,gsm_dec+test3+minver,13915.0,14327.9,14327.9,False,False
cosf,5,lms+cosf+powerwindow,14002.0,14327.9,14327.9,False,False
cosf,6,pm+fmref+iir,14035.0,14327.9,14327.9,False,False
cosf,7,g723_enc+cubic+cjpeg_transupp,14004.5,14327.9,14327.9,False,False
cosf,8,mpeg2+pm+adpcm_dec,13921.5,14327.9,14327.9,False,False
cosf,9,rad2deg+susan+recursion,13905.0,14327.9,14327.9,False,False
cosf,10,test3+bitcount+recursion,13947.5,14327.9,14327.9,False,False
cosf,11,gsm_enc+cover+complex_updates,13946.0,14327.9,14327.9,False,False
cosf,12,rijndael_enc+pm+isqrt,14129.5,14327.9,14327.9,False,False
cosf,13,huff_dec+anagram+lift,14059.5,14327.9,14327.9,False,False
cosf,14,cubic+statemate+bitonic,13998.0,14327.9,14327.9,False,False
cosf,15,huff_dec+bsort+rijndael_enc,14066.5,14327.9,14327.9,False,False
cosf,16,huff_dec+ndes+isqrt,14130.0,14327.9,14327.9,False,False
cosf,17,lift+matrix1+fac,14101.0,14327.9,14327.9,False,False
cosf,18,rad2deg+h264_dec+md5,14018.5,14327.9,14327.9,False,False
cosf,19,sha+prime+insertsort,14065.0,14327.9,14327.9,False,False
countnegative,0,gsm_enc+st+lift,9754.0,9990.9,9990.9,False,False
countnegative,1,h264_dec+cjpeg_wrbmp+quicksort,9741.0,9990.9,9990.9,False,False
countnegative,2,susan+huff_enc+h264_dec,9683.0,9990.9,9990.9,False,False
countnegative,3,deg2rad+rad2deg+cubic,9698.5,9990.9,9990.9,False,False
countnegative,4,st+minver+dijkstra,9744.5,9990.9,9990.9,False,False
countnegative,5,recursion+isqrt+iir,9753.0,9990.9,9990.9,False,False
countnegative,6,minver+cubic+dijkstra,9840.5,9990.9,9990.9,False,False
countnegative,7,h264_dec+audiobeam+powerwindow,9702.0,9990.9,9990.9,False,False
countnegative,8,duff+cubic+dijkstra,9757.5,9990.9,9990.9,False,False
countnegative,9,fft+fac+jfdctint,9699.5,9990.9,9990.9,False,False
countnegative,10,binarysearch+bsort+cjpeg_transupp,9702.0,9990.9,9990.9,False,False
countnegative,11,cover+fmref+pm,9801.5,9990.9,9990.9,False,False
countnegative,12,cjpeg_transupp+powerwindow+countnegative,9793.0,9990.9,9990.9,False,False
countnegative,13,audiobeam+gsm_dec+fft,9697.5,9990.9,9990.9,False,False
countnegative,14,jfdctint+huff_dec+gsm_dec,9686.0,9990.9,9990.9,False,False
countnegative,15,anagram+countnegative+st,9752.5,9990.9,9990.9,False,False
countnegative,16,gsm_dec+fmref+recursion,9671.5,9990.9,9990.9,False,False
countnegative,17,ludcmp+pm+adpcm_enc,9687.5,9990.9,9990.9,False,False
countnegative,18,statemate+test3+rad2deg,9693.5,9990.9,9990.9,False,False
countnegative,19,lms+fmref+huff_enc,9712.0,9990.9,9990.9,False,False
cover,0,adpcm_dec+filterbank+epic,3649.0,3831.1,3831.1,False,False
cover,1,rad2deg+fmref+statemate,3732.0,3831.1,3831.1,False,False
cover,2,st+gsm_dec+jfdctint,3698.0,3831.1,3831.1,False,False
cover,3,quicksort+jfdctint+rijndael_enc,3707.0,3831.1,3831.1,False,False
cover,4,matrix1+cover+iir,3552.0,3831.1,3831.1,False,False
cover,5,cover+dijkstra+gsm_enc,3709.0,3831.1,3831.1,False,False
cover,6,iir+adpcm_enc+fmref,3615.0,3831.1,3831.1,False,False
cover,7,fft+ndes+petrinet,3687.5,3831.1,3831.1,False,False
cover,8,rijndael_enc+g723_enc+prime,3699.0,3831.1,3831.1,False,False
cover,9,cjpeg_wrbmp+st+huff_dec,3600.0,3831.1,3831.1,False,False
cover,10,bsort+md5+jfdctint,3787.5,3831.1,3831.1,False,False
cover,11,adpcm_enc+g723_enc+ludcmp,3693.0,3831.1,3831.1,False,False
cover,12,lms+ndes+adpcm_enc,3687.0,3831.1,3831.1,False,False
cover,13,binarysearch+mpeg2+gsm_enc,3716.0,3831.1,3831.1,False,False
cover,14,bsort+susan+huff_dec,3674.5,3831.1,3831.1,False,False
cover,15,complex_updates+anagram+deg2rad,3735.5,3831.1,3831.1,False,False
cover,16,fmref+fac+countnegative,3783.0,3831.1,3831.1,False,False
cover,17,huff_dec+fac+fft,3935.0,3831.1,3831.1,True,True
cover,18,rad2deg+test3+fmref,3711.0,3831.1,3831.1,False,False
cover,19,dijkstra+rad2deg+st,3766.5,3831.1,3831.1,False,False
cubic,0,gsm_dec+deg2rad+st,1150591.5,1169624.8,1169624.8,False,False
cubic,1,binarysearch+huff_enc+adpcm_enc,1148377.5,1169624.8,1169624.8,False,False
cubic,2,quicksort+jfdctint+anagram,1150283.0,1169624.8,1169624.8,False,False
cubic,3,filterbank+cover+mpeg2,1147687.0,1169624.8,1169624.8,False,False
cubic,4,audiobeam+recursion+mpeg2,1151005.0,1169624.8,1169624.8,False,False
cubic,5,ammunition+rad2deg+adpcm_enc,1145396.5,1169624.8,1169624.8,False,False
cubic,6,cubic+cosf+st,1143899.5,1169624.8,1169624.8,False,False
cubic,7,adpcm_enc+md5+cjpeg_transupp,1145905.5,1169624.8,1169624.8,False,False
cubic,8,cubic+bsort+huff_enc,1155596.5,1169624.8,1169624.8,False,False
cubic,9,ndes+bitonic+lms,1147979.0,1169624.8,1169624.8,False,False
cubic,10,countnegative+huff_dec+pm,1152690.5,1169624.8,1169624.8,False,False
cubic,11,deg2rad+recursion+fir2dim,1143030.0,1169624.8,1169624.8,False,False
cubic,12,cjpeg_wrbmp+matrix1+quicksort,1149343.5,1169624.8,1169624.8,False,False
cubic,13,powerwindow+bitonic+recursion,1149676.0,1169624.8,1169624.8,False,False
cubic,14,sha+cjpeg_wrbmp+epic,1143845.0,1169624.8,1169624.8,False,False
cubic,15,bitcount+ludcmp+adpcm_enc,1151101.5,1169624.8,1169624.8,False,False
cubic,16,epic+lms+petrinet,1145740.5,1169624.8,1169624.8,False,False
cubic,17,fmref+g723_enc+powerwindow,1146169.5,1169624.8,1169624.8,False,False
cubic,18,cosf+audiobeam+ludcmp,1151722.0,1169624.8,1169624.8,False,False
cubic,19,pm+st+minver,1145216.5,1169624.8,1169624.8,False,False
deg2rad,0,cubic+bitcount+pm,3703.0,3808.2,3808.2,False,False
deg2rad,1,recursion+epic+statemate,3730.0,3808.2,3808.2,False,False
deg2rad,2,petrinet+matrix1+rijndael_enc,3714.0,3808.2,3808.2,False,False
deg2rad,3,bitonic+rijndael_dec+lms,3717.5,3808.2,3808.2,False,False
deg2rad,4,rijndael_dec+ammunition+filterbank,3731.0,3808.2,3808.2,False,False
deg2rad,5,jfdctint+gsm_enc+ndes,3739.0,3808.2,3808.2,False,False
deg2rad,6,fir2dim+audiobeam+insertsort,3718.0,3808.2,3808.2,False,False
deg2rad,7,mpeg2+fft+adpcm_dec,3721.0,3808.2,3808.2,False,False
deg2rad,8,statemate+gsm_dec+sha,3705.0,3808.2,3808.2,False,False
deg2rad,9,iir+bitcount+gsm_enc,3756.5,3808.2,3808.2,False,False
deg2rad,10,fir2dim+minver+st,3724.5,3808.2,3808.2,False,False
deg2rad,11,huff_dec+powerwindow+cjpeg_transupp,3713.0,3808.2,3808.2,False,False
deg2rad,12,gsm_enc+complex_updates+prime,3716.0,3808.2,3808.2,False,False
deg2rad,13,isqrt+mpeg2+dijkstra,3723.0,3808.2,3808.2,False,False
deg2rad,14,md5+rijndael_enc+jfdctint,3714.5,3808.2,3808.2,False,False
deg2rad,15,recursion+huff_enc+huff_dec,3735.5,3808.2,3808.2,False,False
deg2rad,16,gsm_enc+sha+prime,3737.0,3808.2,3808.2,False,False
deg2rad,17,ludcmp+dijkstra+fac,3767.0,3808.2,3808.2,False,False
deg2rad,18,statemate+cubic+st,3727.5,3808.2,3808.2,False,False
deg2rad,19,binarysearch+dijkstra+test3,3729.0,3808.2,3808.2,False,False
dijkstra,0,h264_dec+cubic+rad2deg,42079992.5,42883776.9,45466136.4,False,False
dijkstra,1,huff_dec+lms+md5,42007009.0,42883776.9,45466136.4,False,False
dijkstra,2,ndes+fmref+fft,42013205.0,42883776.9,45466136.4,False,False
dijkstra,3,adpcm_enc+iir+statemate,42020324.5,42883776.9,45466136.4,False,False
dijkstra,4,fac+complex_updates+iir,42044497.0,42883776.9,45466136.4,False,False
dijkstra,5,countnegative+filterbank+rijndael_enc,42005557.0,42883776.9,45466136.4,False,False
dijkstra,6,deg2rad+fft+dijkstra,41993985.5,42883776.9,45466136.4,False,False
dijkstra,7,test3+matrix1+pm,42019014.0,42883776.9,45466136.4,False,False
dijkstra,8,test3+dijkstra+lift,42102998.5,42883776.9,45466136.4,False,False
dijkstra,9,adpcm_dec+isqrt+cosf,41988570.0,42883776.9,45466136.4,False,False
dijkstra,10,binarysearch+cubic+prime,42095929.5,42883776.9,45466136.4,False,False
dijkstra,11,gsm_dec+iir+lift,41987461.0,42883776.9,45466136.4,False,False
dijkstra,12,rad2deg+cubic+pm,42011936.5,42883776.9,45466136.4,False,False
dijkstra,13,huff_enc+mpeg2+powerwindow,41990477.5,42883776.9,45466136.4,False,False
dijkstra,14,iir+h264_dec+rijndael_dec,42086349.5,42883776.9,45466136.4,False,False
dijkstra,15,adpcm_enc+binarysearch+duff,41990245.5,42883776.9,45466136.4,False,False
dijkstra,16,cover+g723_enc+pm,42011544.5,42883776.9,45466136.4,False,False
dijkstra,17,cubic+epic+ndes,42085208.5,42883776.9,45466136.4,False,False
dijkstra,18,ludcmp+fir2dim+huff_enc,42080286.0,42883776.9,45466136.4,False,False
dijkstra,19,lift+isqrt+filterbank,42016722.5,42883776.9,45466136.4,False,False
duff,0,gsm_enc+quicksort+lift,2254.0,2317.4,2317.4,False,False
duff,1,fft+filterbank+pm,2187.5,2317.4,2317.4,False,False
duff,2,huff_dec+dijkstra+epic,2262.5,2317.4,2317.4,False,False
duff,3,deg2rad+cover+bitonic,1816.5,2317.4,2317.4,False,False
duff,4,prime+cosf+fac,2243.5,2317.4,2317.4,False,False
duff,5,bitonic+quicksort+jfdctint,1943.0,2317.4,2317.4,False,False
duff,6,rad2deg+pm+complex_updates,2195.0,2317.4,2317.4,False,False
duff,7,cosf+countnegative+quicksort,1821.0,2317.4,2317.4,False,False
duff,8,huff_enc+dijkstra+prime,2238.5,2317.4,2317.4,False,False
duff,9,ludcmp+rad2deg+isqrt,2260.5,2317.4,2317.4,False,False
duff,10,matrix1+duff+bitcount,2246.5,2317.4,2317.4,False,False
duff,11,st+cosf+duff,2240.0,2317.4,2317.4,False,False
duff,12,cover+fir2dim+complex_updates,2216.0,2317.4,2317.4,False,False
duff,13,epic+adpcm_dec+powerwindow,2255.0,2317.4,2317.4,False,False
duff,14,jfdctint+bsort+dijkstra,1799.0,2317.4,2317.4,False,False
duff,15,ammunition+anagram+lift,1777.0,2317.4,2317.4,False,False
duff,16,duff+pm+bsort,2268.0,2317.4,2317.4,False,False
duff,17,minver+susan+rad2deg,2218.0,2317.4,2317.4,False,False
duff,18,iir+bitcount+susan,2104.0,2317.4,2317.4,False,False
duff,19,adpcm_dec+lms+duff,2228.0,2317.4,2317.4,False,False
epic,0,huff_enc+h264_dec+fft,1500298.0,1530884.3,1530884.3,False,False
epic,1,complex_updates+anagram+deg2rad,1500533.5,1530884.3,1530884.3,False,False
epic,2,susan+huff_enc+bitonic,1496615.0,1530884.3,1530884.3,False,False
epic,3,sha+audiobeam+g723_enc,1500595.0,1530884.3,1530884.3,False,False
epic,4,iir+audiobeam+lms,1499735.5,1530884.3,1530884.3,False,False
epic,5,minver+petrinet+anagram,1495173.0,1530884.3,1530884.3,False,False
epic,6,cjpeg_transupp+rijndael_enc+lms,1497100.0,1530884.3,1530884.3,False,False
epic,7,epic+binarysearch+cubic,1500249.0,1530884.3,1530884.3,False,False
epic,8,bitonic+lift+rad2deg,1499518.5,1530884.3,1530884.3,False,False
epic,9,gsm_dec+matrix1+rijndael_dec,1497908.5,1530884.3,1530884.3,False,False
epic,10,md5+cover+recursion,1497844.5,1530884.3,1530884.3,False,False
epic,11,isqrt+fmref+h264_dec,1500593.5,1530884.3,1530884.3,False,False
epic,12,h264_dec+epic+susan,1499956.0,1530884.3,1530884.3,False,False
epic,13,ludcmp+gsm_enc+epic,1498098.5,1530884.3,1530884.3,False,False
epic,14,lms+md5+anagram,1496428.0,1530884.3,1530884.3,False,False
epic,15,md5+quicksort+bitcount,1500023.5,1530884.3,1530884.3,False,False
epic,16,rad2deg+countnegative+minver,1499372.5,1530884.3,1530884.3,False,False
epic,17,countnegative+deg2rad+ndes,1498508.0,1530884.3,1530884.3,False,False
epic,18,binarysearch+cjpeg_wrbmp+cubic,1499059.5,1530884.3,1530884.3,False,False
epic,19,complex_updates+lift+audiobeam,1497407.0,1530884.3,1530884.3,False,False
fac,0,cjpeg_wrbmp+adpcm_dec+gsm_dec,257.0,263.2,265.2,False,False
fac,1,h264_dec+pm+matrix1,248.0,263.2,265.2,False,False
fac,2,huff_enc+duff+ammunition,257.0,263.2,265.2,False,False
fac,3,cover+duff+powerwindow,239.0,263.2,265.2,False,False
fac,4,duff+pm+susan,252.5,263.2,265.2,False,False
fac,5,huff_dec+audiobeam+petrinet,242.0,263.2,265.2,False,False
fac,6,cover+deg2rad+rijndael_dec,253.0,263.2,265.2,False,False
fac,7,rijndael_dec+minver+ludcmp,250.0,263.2,265.2,False,False
fac,8,ndes+rijndael_enc+cosf,250.0,263.2,265.2,False,False
fac,9,gsm_enc+bitonic+jfdctint,251.0,263.2,265.2,False,False
fac,10,cover+mpeg2+cjpeg_transupp,252.0,263.2,265.2,False,False
fac,11,dijkstra+sha+cjpeg_transupp,253.0,263.2,265.2,False,False
fac,12,audiobeam+anagram+cjpeg_wrbmp,253.0,263.2,265.2,False,False
fac,13,rijndael_dec+epic+matrix1,247.0,263.2,265.2,False,False
fac,14,quicksort+sha+lms,251.0,263.2,265.2,False,False
fac,15,duff+h264_dec+bitonic,265.0,263.2,265.2,True,False
fac,16,huff_dec+pm+epic,253.0,263.2,265.2,False,False
fac,17,pm+g723_enc+dijkstra,262.0,263.2,265.2,False,False
fac,18,insertsort+jfdctint+iir,250.0,263.2,265.2,False,False
fac,19,h264_dec+binarysearch+matrix1,248.0,263.2,265.2,False,False
fft,0,ammunition+test3+gsm_enc,347322.5,353893.1,356931.1,False,False
fft,1,quicksort+fac+matrix1,346925.0,353893.1,356931.1,False,False
fft,2,deg2rad+adpcm_enc+binarysearch,346879.5,353893.1,356931.1,False,False
fft,3,cover+petrinet+st,346823.5,353893.1,356931.1,False,False
fft,4,susan+lms+ludcmp,346913.5,353893.1,356931.1,False,False
fft,5,adpcm_enc+rad2deg+petrinet,351330.5,353893.1,356931.1,False,False
fft,6,sha+dijkstra+lms,349553.5,353893.1,356931.1,False,False
fft,7,ammunition+rad2deg+complex_updates,347879.5,353893.1,356931.1,False,False
fft,8,huff_enc+isqrt+mpeg2,346611.5,353893.1,356931.1,False,False
fft,9,h264_dec+dijkstra+complex_updates,347721.5,353893.1,356931.1,False,False
fft,10,ludcmp+gsm_enc+minver,345332.5,353893.1,356931.1,False,False
fft,11,sha+iir+binarysearch,348128.0,353893.1,356931.1,False,False
fft,12,huff_enc+filterbank+gsm_dec,348394.5,353893.1,356931.1,False,False
fft,13,fft+fac+ndes,346205.0,353893.1,356931.1,False,False
fft,14,bitcount+statemate+cjpeg_wrbmp,351042.0,353893.1,356931.1,False,False
fft,15,fft+gsm_dec+pm,347551.5,353893.1,356931.1,False,False
fft,16,iir+duff+ndes,345527.0,353893.1,356931.1,False,False
fft,17,g723_enc+sha+rad2deg,347832.0,353893.1,356931.1,False,False
fft,18,lift+ammunition+huff_dec,350789.5,353893.1,356931.1,False,False
fft,19,binarysearch+fac+deg2rad,346846.0,353893.1,356931.1,False,False
filterbank,0,fac+bitonic+recursion,3081770.5,3181659.0,3228326.5,False,False
filterbank,1,g723_enc+susan+insertsort,3083573.5,3181659.0,3228326.5,False,False
filterbank,2,sha+adpcm_dec+ndes,3076650.5,3181659.0,3228326.5,False,False
filterbank,3,susan+jfdctint+huff_dec,3072281.5,3181659.0,3228326.5,False,False
filterbank,4,gsm_dec+anagram+cosf,3081378.5,3181659.0,3228326.5,False,False
filterbank,5,isqrt+fir2dim+md5,3080092.0,3181659.0,3228326.5,False,False
filterbank,6,rad2deg+iir+minver,3083632.5,3181659.0,3228326.5,False,False
filterbank,7,h264_dec+rad2deg+anagram,3265186.5,3181659.0,3228326.5,True,True
filterbank,8,countnegative+dijkstra+lift,3084802.0,3181659.0,3228326.5,False,False
filterbank,9,bsort+duff+h264_dec,3090158.5,3181659.0,3228326.5,False,False
filterbank,10,test3+pm+iir,3083167.0,3181659.0,3228326.5,False,False
filterbank,11,bitonic+adpcm_enc+minver,3086060.0,3181659.0,3228326.5,False,False
filterbank,12,matrix1+rijndael_enc+cubic,3080541.5,3181659.0,3228326.5,False,False
filterbank,13,powerwindow+cjpeg_wrbmp+epic,3110877.0,3181659.0,3228326.5,False,False
filterbank,14,lift+adpcm_dec+gsm_dec,3103170.5,3181659.0,3228326.5,False,False
filterbank,15,binarysearch+cover+st,3100091.5,3181659.0,3228326.5,False,False
filterbank,16,bitonic+huff_dec+mpeg2,3082638.5,3181659.0,3228326.5,False,False
filterbank,17,st+cjpeg_transupp+iir,3081758.0,3181659.0,3228326.5,False,False
filterbank,18,powerwindow+duff+insertsort,3089525.5,3181659.0,3228326.5,False,False
filterbank,19,powerwindow+dijkstra+gsm_dec,3085882.0,3181659.0,3228326.5,False,False
fir2dim,0,st+huff_enc+cubic,5528.0,5579.4,5579.4,False,False
fir2dim,1,huff_dec+lift+cjpeg_transupp,5211.0,5579.4,5579.4,False,False
fir2dim,2,fmref+cosf+matrix1,5456.5,5579.4,5579.4,False,False
fir2dim,3,insertsort+quicksort+test3,5185.5,5579.4,5579.4,False,False
fir2dim,4,bsort+susan+audiobeam,5132.0,5579.4,5579.4,False,False
fir2dim,5,dijkstra+recursion+rijndael_dec,5404.0,5579.4,5579.4,False,False
fir2dim,6,statemate+gsm_dec+fft,5201.5,5579.4,5579.4,False,False
fir2dim,7,rijndael_dec+insertsort+dijkstra,5258.0,5579.4,5579.4,False,False
fir2dim,8,sha+adpcm_dec+duff,5357.5,5579.4,5579.4,False,False
fir2dim,9,prime+epic+st,5360.5,5579.4,5579.4,False,False
fir2dim,10,ludcmp+ndes+iir,5484.0,5579.4,5579.4,False,False
fir2dim,11,susan+cjpeg_transupp+h264_dec,5411.0,5579.4,5579.4,False,False
fir2dim,12,jfdctint+huff_enc+filterbank,5436.5,5579.4,5579.4,False,False
fir2dim,13,fft+lift+rad2deg,5624.0,5579.4,5579.4,True,True
fir2dim,14,jfdctint+fmref+huff_dec,5471.0,5579.4,5579.4,False,False
fir2dim,15,fac+susan+cosf,5228.0,5579.4,5579.4,False,False
fir2dim,16,pm+cubic+lms,4996.5,5579.4,5579.4,False,False
fir2dim,17,fmref+cover+statemate,5107.0,5579.4,5579.4,False,False
fir2dim,18,recursion+gsm_dec+ammunition,5520.5,5579.4,5579.4,False,False
fir2dim,19,fac+quicksort+huff_enc,5318.5,5579.4,5579.4,False,False
fmref,0,powerwindow+rijndael_enc+fmref,214708.5,218315.2,218315.2,False,False
fmref,1,fmref+ndes+rijndael_dec,214724.5,218315.2,218315.2,False,False
fmref,2,sha+mpeg2+cjpeg_transupp,214627.5,218315.2,218315.2,False,False
fmref,3,iir+ammunition+bsort,215112.0,218315.2,218315.2,False,False
fmref,4,insertsort+ludcmp+fft,214986.0,218315.2,218315.2,False,False
fmref,5,susan+bitcount+statemate,215215.0,218315.2,218315.2,False,False
fmref,6,h264_dec+bitcount+isqrt,215261.5,218315.2,218315.2,False,False
fmref,7,huff_dec+adpcm_dec+prime,214309.0,218315.2,218315.2,False,False
fmref,8,cjpeg_transupp+gsm_dec+susan,214884.0,218315.2,218315.2,False,False
fmref,9,mpeg2+cjpeg_transupp+audiobeam,214708.0,218315.2,218315.2,False,False
fmref,10,huff_enc+rijndael_dec+deg2rad,214753.0,218315.2,218315.2,False,False
fmref,11,fft+md5+pm,214957.0,218315.2,218315.2,False,False
fmref,12,g723_enc+mpeg2+binarysearch,215062.5,218315.2,218315.2,False,False
fmref,13,statemate+fft+petrinet,214743.5,218315.2,218315.2,False,False
fmref,14,statemate+jfdctint+fmref,214786.5,218315.2,218315.2,False,False
fmref,15,fac+minver+powerwindow,214645.5,218315.2,218315.2,False,False
fmref,16,test3+rad2deg+iir,215096.5,218315.2,218315.2,False,False
fmref,17,susan+jfdctint+ammunition,214680.0,218315.2,218315.2,False,False
fmref,18,md5+audiobeam+cubic,214610.0,218315.2,218315.2,False,False
fmref,19,minver+petrinet+duff,215155.0,218315.2,218315.2,False,False
g723_enc,0,cover+quicksort+binarysearch,321340.5,328677.7,330542.2,False,False
g723_enc,1,gsm_enc+bitcount+rad2deg,320494.5,328677.7,330542.2,False,False
g723_enc,2,minver+powerwindow+susan,322648.0,328677.7,330542.2,False,False
g723_enc,3,bitcount+h264_dec+cjpeg_wrbmp,321783.5,328677.7,330542.2,False,False
g723_enc,4,pm+epic+adpcm_enc,321921.5,328677.7,330542.2,False,False
g723_enc,5,ammunition+fac+rijndael_dec,321551.5,328677.7,330542.2,False,False
g723_enc,6,anagram+duff+filterbank,320379.5,328677.7,330542.2,False,False
g723_enc,7,fir2dim+gsm_enc+cjpeg_transupp,322651.5,328677.7,330542.2,False,False
g723_enc,8,cubic+isqrt+gsm_dec,320855.5,328677.7,330542.2,False,False
g723_enc,9,lms+petrinet+rijndael_dec,322420.0,328677.7,330542.2,False,False
g723_enc,10,complex_updates+cjpeg_wrbmp+binarysearch,320861.5,328677.7,330542.2,False,False
g723_enc,11,md5+susan+fmref,320444.5,328677.7,330542.2,False,False
g723_enc,12,md5+petrinet+cubic,321071.5,328677.7,330542.2,False,False
g723_enc,13,iir+ludcmp+cjpeg_transupp,322231.0,328677.7,330542.2,False,False
g723_enc,14,cover+huff_dec+minver,320932.5,328677.7,330542.2,False,False
g723_enc,15,deg2rad+huff_dec+ndes,321192.5,328677.7,330542.2,False,False
g723_enc,16,adpcm_dec+rijndael_enc+huff_dec,322543.0,328677.7,330542.2,False,False
g723_enc,17,duff+petrinet+jfdctint,320704.0,328677.7,330542.2,False,False
g723_enc,18,cjpeg_wrbmp+audiobeam+h264_dec,322861.0,328677.7,330542.2,False,False
g723_enc,19,filterbank+ludcmp+epic,322962.5,328677.7,330542.2,False,False
gsm_dec,0,minver+gsm_enc+pm,1833356.5,1875764.7,1897075.6,False,False
gsm_dec,1,deg2rad+huff_dec+statemate,1834896.5,1875764.7,1897075.6,False,False
gsm_dec,2,epic+cosf+fmref,1840932.5,1875764.7,1897075.6,False,False
gsm_dec,3,statemate+huff_enc+bitcount,1834650.0,1875764.7,1897075.6,False,False
gsm_dec,4,cubic+fmref+lms,1834248.5,1875764.7,1897075.6,False,False
gsm_dec,5,filterbank+lms+duff,1834832.0,1875764.7,1897075.6,False,False
gsm_dec,6,pm+duff+adpcm_enc,1831874.5,1875764.7,1897075.6,False,False
gsm_dec,7,st+ndes+g723_enc,1835553.0,1875764.7,1897075.6,False,False
gsm_dec,8,dijkstra+adpcm_dec+lms,1834599.5,1875764.7,1897075.6,False,False
gsm_dec,9,susan+petrinet+recursion,1834949.0,1875764.7,1897075.6,False,False
gsm_dec,10,quicksort+anagram+matrix1,1832868.0,1875764.7,1897075.6,False,False
gsm_dec,11,quicksort+iir+st,1832861.0,1875764.7,1897075.6,False,False
gsm_dec,12,duff+recursion+rijndael_enc,1840211.0,1875764.7,1897075.6,False,False
gsm_dec,13,cover+matrix1+rijndael_enc,1833148.0,1875764.7,1897075.6,False,False
gsm_dec,14,filterbank+cover+minver,1835004.0,1875764.7,1897075.6,False,False
gsm_dec,15,cosf+md5+deg2rad,1838757.0,1875764.7,1897075.6,False,False
gsm_dec,16,petrinet+rad2deg+prime,1832391.5,1875764.7,1897075.6,False,False
gsm_dec,17,recursion+ndes+petrinet,1840326.5,1875764.7,1897075.6,False,False
gsm_dec,18,st+bsort+minver,1833201.0,1875764.7,1897075.6,False,False
gsm_dec,19,bitcount+minver+mpeg2,1840250.5,1875764.7,1897075.6,False,False
gsm_enc,0,ammunition+epic+rijndael_dec,3533936.5,3597705.2,3597705.2,False,False
gsm_enc,1,h264_dec+ammunition+ludcmp,3529216.5,3597705.2,3597705.2,False,False
gsm_enc,2,fir2dim+prime+bsort,3528753.5,3597705.2,3597705.2,False,False
gsm_enc,3,binarysearch+duff+fac,3528726.0,3597705.2,3597705.2,False,False
gsm_enc,4,quicksort+gsm_dec+complex_updates,3529351.0,3597705.2,3597705.2,False,False
gsm_enc,5,cosf+bsort+rijndael_dec,3529747.0,3597705.2,3597705.2,False,False
gsm_enc,6,jfdctint+test3+fir2dim,3530026.5,3597705.2,3597705.2,False,False
gsm_enc,7,isqrt+insertsort+dijkstra,3529207.0,3597705.2,3597705.2,False,False
gsm_enc,8,st+cjpeg_wrbmp+deg2rad,3528747.5,3597705.2,3597705.2,False,False
gsm_enc,9,sha+huff_enc+rijndael_enc,3529486.0,3597705.2,3597705.2,False,False
gsm_enc,10,duff+quicksort+susan,3531062.5,3597705.2,3597705.2,False,False
gsm_enc,11,fft+rijndael_enc+bitonic,3529451.5,3597705.2,3597705.2,False,False
gsm_enc,12,huff_dec+audiobeam+cjpeg_transupp,3523565.0,3597705.2,3597705.2,False,False
gsm_enc,13,rad2deg+cover+susan,3527389.0,3597705.2,3597705.2,False,False
gsm_enc,14,petrinet+prime+g723_enc,3527859.0,3597705.2,3597705.2,False,False
gsm_enc,15,statemate+rijndael_enc+lift,3527697.5,3597705.2,3597705.2,False,False
gsm_enc,16,fir2dim+binarysearch+rijndael_dec,3527128.5,3597705.2,3597705.2,False,False
gsm_enc,17,g723_enc+adpcm_dec+deg2rad,3526759.0,3597705.2,3597705.2,False,False
gsm_enc,18,jfdctint+bitonic+huff_dec,3526640.0,3597705.2,3597705.2,False,False
gsm_enc,19,fir2dim+petrinet+quicksort,3528496.5,3597705.2,3597705.2,False,False
h264_dec,0,petrinet+deg2rad+ludcmp,221381.0,230549.1,230549.1,False,False
h264_dec,1,fmref+sha+minver,210239.5,230549.1,230549.1,False,False
h264_dec,2,fir2dim+bitcount+petrinet,205590.0,230549.1,230549.1,False,False
h264_dec,3,cover+huff_enc+adpcm_enc,208648.5,230549.1,230549.1,False,False
h264_dec,4,md5+test3+lift,210145.5,230549.1,230549.1,False,False
h264_dec,5,fac+md5+cover,208173.0,230549.1,230549.1,False,False
h264_dec,6,mpeg2+audiobeam+minver,203162.0,230549.1,230549.1,False,False
h264_dec,7,sha+huff_dec+pm,206435.5,230549.1,230549.1,False,False
h264_dec,8,epic+mpeg2+gsm_dec,207133.0,230549.1,230549.1,False,False
h264_dec,9,bitonic+bsort+ammunition,210954.0,230549.1,230549.1,False,False
h264_dec,10,ammunition+epic+iir,226375.5,230549.1,230549.1,False,False
h264_dec,11,bitonic+bitcount+cubic,199558.0,230549.1,230549.1,False,False
h264_dec,12,test3+jfdctint+bsort,227473.5,230549.1,230549.1,False,False
h264_dec,13,fmref+huff_dec+fir2dim,212781.5,230549.1,230549.1,False,False
h264_dec,14,ndes+quicksort+pm,201628.0,230549.1,230549.1,False,False
h264_dec,15,jfdctint+gsm_dec+ludcmp,213780.0,230549.1,230549.1,False,False
h264_dec,16,quicksort+prime+cjpeg_transupp,213427.5,230549.1,230549.1,False,False
h264_dec,17,test3+gsm_dec+mpeg2,216325.0,230549.1,230549.1,False,False
h264_dec,18,bitcount+st+iir,208573.5,230549.1,230549.1,False,False
h264_dec,19,md5+gsm_dec+dijkstra,208738.0,230549.1,230549.1,False,False
huff_dec,0,ammunition+pm+fir2dim,0,0.0,0.0,False,False
huff_dec,1,countnegative+h264_dec+cubic,0,0.0,0.0,False,False
huff_dec,2,statemate+fir2dim+bitcount,0,0.0,0.0,False,False
huff_dec,3,petrinet+fir2dim+jfdctint,0,0.0,0.0,False,False
huff_dec,4,mpeg2+filterbank+anagram,0,0.0,0.0,False,False
huff_dec,5,g723_enc+dijkstra+cosf,0,0.0,0.0,False,False
huff_dec,6,bitonic+statemate+sha,0,0.0,0.0,False,False
huff_dec,7,huff_dec+binarysearch+ndes,0,0.0,0.0,False,False
huff_dec,8,countnegative+mpeg2+minver,0,0.0,0.0,False,False
huff_dec,9,matrix1+adpcm_enc+anagram,0,0.0,0.0,False,False
huff_dec,10,rijndael_dec+fft+cubic,0,0.0,0.0,False,False
huff_dec,11,bsort+rijndael_dec+lms,0,0.0,0.0,False,False
huff_dec,12,countnegative+audiobeam+st,0,0.0,0.0,False,False
huff_dec,13,rad2deg+lift+countnegative,0,0.0,0.0,False,False
huff_dec,14,ludcmp+countnegative+sha,0,0.0,0.0,False,False
huff_dec,15,susan+cover+fft,0,0.0,0.0,False,False
huff_dec,16,recursion+cjpeg_transupp+rijndael_dec,0,0.0,0.0,False,False
huff_dec,17,matrix1+adpcm_dec+dijkstra,0,0.0,0.0,False,False
huff_dec,18,statemate+cjpeg_transupp+bsort,0,0.0,0.0,False,False
huff_dec,19,jfdctint+deg2rad+rijndael_enc,0,0.0,0.0,False,False
huff_enc,0,complex_updates+bitonic+ndes,523226.5,536436.9,536436.9,False,False
huff_enc,1,susan+adpcm_enc+bsort,522741.5,536436.9,536436.9,False,False
huff_enc,2,adpcm_dec+filterbank+rijndael_dec,523592.5,536436.9,536436.9,False,False
huff_enc,3,rijndael_dec+cubic+ludcmp,521570.5,536436.9,536436.9,False,False
huff_enc,4,fac+adpcm_enc+complex_updates,536488.5,536436.9,536436.9,True,True
huff_enc,5,deg2rad+anagram+bsort,524274.0,536436.9,536436.9,False,False
huff_enc,6,quicksort+gsm_dec+isqrt,520774.5,536436.9,536436.9,False,False
huff_enc,7,bitonic+quicksort+audiobeam,522205.5,536436.9,536436.9,False,False
huff_enc,8,huff_enc+h264_dec+recursion,523912.0,536436.9,536436.9,False,False
huff_enc,9,fir2dim+insertsort+ludcmp,522322.0,536436.9,536436.9,False,False
huff_enc,10,bitcount+h264_dec+insertsort,521825.5,536436.9,536436.9,False,False
huff_enc,11,cover+md5+ammunition,521650.0,536436.9,536436.9,False,False
huff_enc,12,prime+rijndael_dec+susan,524202.0,536436.9,536436.9,False,False
huff_enc,13,ndes+isqrt+epic,521823.5,536436.9,536436.9,False,False
huff_enc,14,huff_dec+mpeg2+adpcm_enc,520308.0,536436.9,536436.9,False,False
huff_enc,15,anagram+huff_enc+statemate,521118.0,536436.9,536436.9,False,False
huff_enc,16,g723_enc+gsm_enc+petrinet,521119.5,536436.9,536436.9,False,False
huff_enc,17,bitcount+iir+powerwindow,521760.0,536436.9,536436.9,False,False
huff_enc,18,h264_dec+audiobeam+binarysearch,521845.5,536436.9,536436.9,False,False
huff_enc,19,fac+matrix1+cjpeg_transupp,521344.0,536436.9,536436.9,False,False
iir,0,audiobeam+bsort+dijkstra,1620.0,1797.2,1797.2,False,False
iir,1,md5+minver+ludcmp,1283.5,1797.2,1797.2,False,False
iir,2,lift+powerwindow+fac,1719.0,1797.2,1797.2,False,False
iir,3,fmref+matrix1+isqrt,1200.5,1797.2,1797.2,False,False
iir,4,duff+huff_dec+insertsort,1285.0,1797.2,1797.2,False,False
iir,5,matrix1+gsm_enc+bitcount,1701.0,1797.2,1797.2,False,False
iir,6,rijndael_dec+pm+bitonic,1057.0,1797.2,1797.2,False,False
iir,7,statemate+mpeg2+test3,1717.5,1797.2,1797.2,False,False
iir,8,recursion+lift+prime,1713.5,1797.2,1797.2,False,False
iir,9,susan+countnegative+gsm_enc,1199.5,1797.2,1797.2,False,False
iir,10,h264_dec+test3+cover,1610.0,1797.2,1797.2,False,False
iir,11,gsm_dec+fft+sha,1703.0,1797.2,1797.2,False,False
iir,12,huff_dec+g723_enc+gsm_dec,1688.0,1797.2,1797.2,False,False
iir,13,prime+bitcount+fac,1404.5,1797.2,1797.2,False,False
iir,14,gsm_enc+fac+ndes,1834.5,1797.2,1797.2,True,True
iir,15,deg2rad+fir2dim+cjpeg_transupp,1748.0,1797.2,1797.2,False,False
iir,16,petrinet+huff_enc+audiobeam,1676.5,1797.2,1797.2,False,False
iir,17,binarysearch+st+gsm_enc,1522.5,1797.2,1797.2,False,False
iir,18,bitcount+quicksort+fir2dim,1583.0,1797.2,1797.2,False,False
iir,19,rijndael_enc+bsort+lift,1720.0,1797.2,1797.2,False,False
insertsort,0,anagram+ludcmp+lift,1047.0,1143.4,1143.4,False,False
insertsort,1,lift+fft+ndes,1004.0,1143.4,1143.4,False,False
insertsort,2,bitonic+gsm_dec+filterbank,1058.0,1143.4,1143.4,False,False
insertsort,3,susan+ndes+rad2deg,994.0,1143.4,1143.4,False,False
insertsort,4,gsm_enc+susan+prime,953.0,1143.4,1143.4,False,False
insertsort,5,anagram+duff+matrix1,955.0,1143.4,1143.4,False,False
insertsort,6,epic+filterbank+bitcount,1008.0,1143.4,1143.4,False,False
insertsort,7,lms+insertsort+countnegative,1007.0,1143.4,1143.4,False,False
insertsort,8,cjpeg_transupp+ndes+huff_enc,968.0,1143.4,1143.4,False,False
insertsort,9,cover+statemate+bitcount,1006.0,1143.4,1143.4,False,False
insertsort,10,filterbank+statemate+lift,1009.0,1143.4,1143.4,False,False
insertsort,11,fir2dim+bitonic+rad2deg,1004.0,1143.4,1143.4,False,False
insertsort,12,dijkstra+lms+cover,1018.0,1143.4,1143.4,False,False
insertsort,13,rijndael_enc+gsm_enc+statemate,957.0,1143.4,1143.4,False,False
insertsort,14,lift+recursion+sha,998.5,1143.4,1143.4,False,False
insertsort,15,md5+petrinet+mpeg2,953.0,1143.4,1143.4,False,False
insertsort,16,lift+adpcm_enc+matrix1,1013.0,1143.4,1143.4,False,False
insertsort,17,ndes+st+pm,1007.0,1143.4,1143.4,False,False
insertsort,18,dijkstra+adpcm_enc+complex_updates,1009.0,1143.4,1143.4,False,False
insertsort,19,dijkstra+pm+rad2deg,1000.0,1143.4,1143.4,False,False
isqrt,0,epic+fft+filterbank,575062.0,592708.2,592708.2,False,False
isqrt,1,adpcm_dec+complex_updates+susan,577573.0,592708.2,592708.2,False,False
isqrt,2,cjpeg_transupp+lms+ndes,575578.0,592708.2,592708.2,False,False
isqrt,3,g723_enc+audiobeam+cjpeg_transupp,572618.0,592708.2,592708.2,False,False
isqrt,4,quicksort+minver+adpcm_enc,570182.5,592708.2,592708.2,False,False
isqrt,5,binarysearch+quicksort+isqrt,573561.5,592708.2,592708.2,False,False
isqrt,6,countnegative+fmref+gsm_dec,569338.5,592708.2,592708.2,False,False
isqrt,7,huff_dec+fft+cjpeg_wrbmp,568580.5,592708.2,592708.2,False,False
isqrt,8,fir2dim+epic+prime,569101.0,592708.2,592708.2,False,False
isqrt,9,fac+recursion+lms,568858.0,592708.2,592708.2,False,False
isqrt,10,matrix1+binarysearch+test3,573302.5,592708.2,592708.2,False,False
isqrt,11,anagram+cjpeg_transupp+cjpeg_wrbmp,568154.5,592708.2,592708.2,False,False
isqrt,12,rad2deg+md5+anagram,572789.5,592708.2,592708.2,False,False
isqrt,13,petrinet+binarysearch+dijkstra,570457.5,592708.2,592708.2,False,False
isqrt,14,h264_dec+ndes+gsm_enc,572070.0,592708.2,592708.2,False,False
isqrt,15,iir+matrix1+h264_dec,571599.5,592708.2,592708.2,False,False
isqrt,16,gsm_dec+dijkstra+countnegative,569473.5,592708.2,592708.2,False,False
isqrt,17,rad2deg+insertsort+bitonic,568971.5,592708.2,592708.2,False,False
isqrt,18,filterbank+gsm_enc+bitonic,571770.0,592708.2,592708.2,False,False
isqrt,19,duff+petrinet+ludcmp,569251.5,592708.2,592708.2,False,False
jfdctint,0,iir+isqrt+ndes,2783.5,2847.3,2862.6,False,False
jfdctint,1,epic+ammunition+cover,2788.0,2847.3,2862.6,False,False
jfdctint,2,g723_enc+matrix1+anagram,2803.0,2847.3,2862.6,False,False
jfdctint,3,adpcm_dec+countnegative+epic,2771.5,2847.3,2862.6,False,False
jfdctint,4,countnegative+recursion+bsort,2773.0,2847.3,2862.6,False,False
jfdctint,5,rad2deg+deg2rad+duff,2790.0,2847.3,2862.6,False,False
jfdctint,6,fac+bitonic+adpcm_dec,2790.0,2847.3,2862.6,False,False
jfdctint,7,iir+quicksort+gsm_enc,2781.0,2847.3,2862.6,False,False
jfdctint,8,complex_updates+bsort+fmref,2778.5,2847.3,2862.6,False,False
jfdctint,9,jfdctint+powerwindow+cover,2781.5,2847.3,2862.6,False,False
jfdctint,10,insertsort+lift+st,2793.0,2847.3,2862.6,False,False
jfdctint,11,ndes+rijndael_enc+filterbank,2791.0,2847.3,2862.6,False,False
jfdctint,12,audiobeam+g723_enc+susan,2809.0,2847.3,2862.6,False,False
jfdctint,13,quicksort+ammunition+gsm_enc,2791.0,2847.3,2862.6,False,False
jfdctint,14,adpcm_enc+huff_dec+audiobeam,2796.5,2847.3,2862.6,False,False
jfdctint,15,susan+fac+lms,2801.5,2847.3,2862.6,False,False
jfdctint,16,gsm_enc+lms+g723_enc,2793.5,2847.3,2862.6,False,False
jfdctint,17,powerwindow+minver+gsm_dec,2778.0,2847.3,2862.6,False,False
jfdctint,18,duff+bitonic+g723_enc,2797.5,2847.3,2862.6,False,False
jfdctint,19,adpcm_enc+fac+cjpeg_wrbmp,2784.0,2847.3,2862.6,False,False
lift,0,rijndael_enc+md5+huff_dec,481933.5,529176.5,529176.5,False,False
lift,1,st+pm+fir2dim,449885.0,529176.5,529176.5,False,False
lift,2,binarysearch+gsm_enc+statemate,469655.0,529176.5,529176.5,False,False
lift,3,bitcount+cubic+gsm_enc,457339.0,529176.5,529176.5,False,False
lift,4,ludcmp+g723_enc+isqrt,470316.5,529176.5,529176.5,False,False
lift,5,binarysearch+g723_enc+susan,455936.5,529176.5,529176.5,False,False
lift,6,epic+quicksort+fft,463970.0,529176.5,529176.5,False,False
lift,7,cover+fft+recursion,452243.0,529176.5,529176.5,False,False
lift,8,cjpeg_wrbmp+audiobeam+insertsort,447827.0,529176.5,529176.5,False,False
lift,9,minver+bitonic+isqrt,440337.0,529176.5,529176.5,False,False
lift,10,insertsort+cosf+recursion,452375.5,529176.5,529176.5,False,False
lift,11,filterbank+prime+sha,440852.0,529176.5,529176.5,False,False
lift,12,mpeg2+sha+cjpeg_transupp,471605.0,529176.5,529176.5,False,False
lift,13,cubic+bitcount+cjpeg_transupp,473013.0,529176.5,529176.5,False,False
lift,14,deg2rad+cosf+complex_updates,442617.0,529176.5,529176.5,False,False
lift,15,matrix1+cjpeg_transupp+rad2deg,463516.0,529176.5,529176.5,False,False
lift,16,rad2deg+mpeg2+audiobeam,441584.0,529176.5,529176.5,False,False
lift,17,complex_updates+recursion+minver,477197.0,529176.5,529176.5,False,False
lift,18,iir+huff_dec+rad2deg,440892.0,529176.5,529176.5,False,False
lift,19,lms+rad2deg+ludcmp,470800.0,529176.5,529176.5,False,False
lms,0,h264_dec+petrinet+test3,159189.5,162104.0,164416.4,False,False
lms,1,lms+mpeg2+minver,157698.5,162104.0,164416.4,False,False
lms,2,md5+fac+susan,158760.0,162104.0,164416.4,False,False
lms,3,minver+fac+cjpeg_transupp,159114.5,162104.0,164416.4,False,False
lms,4,h264_dec+audiobeam+huff_enc,157453.0,162104.0,164416.4,False,False
lms,5,h264_dec+minver+epic,157937.5,162104.0,164416.4,False,False
lms,6,rijndael_dec+dijkstra+ludcmp,158592.5,162104.0,164416.4,False,False
lms,7,anagram+filterbank+insertsort,158987.0,162104.0,164416.4,False,False
lms,8,audiobeam+epic+huff_dec,155560.0,162104.0,164416.4,False,False
lms,9,h264_dec+ammunition+anagram,160579.0,162104.0,164416.4,False,False
lms,10,fir2dim+st+duff,161047.0,162104.0,164416.4,False,False
lms,11,audiobeam+mpeg2+susan,158586.5,162104.0,164416.4,False,False
lms,12,statemate+binarysearch+md5,159809.0,162104.0,164416.4,False,False
lms,13,matrix1+insertsort+fmref,159992.5,162104.0,164416.4,False,False
lms,14,huff_dec+ludcmp+lift,158393.5,162104.0,164416.4,False,False
lms,15,rijndael_dec+quicksort+ammunition,160453.0,162104.0,164416.4,False,False
lms,16,h264_dec+rijndael_enc+lms,158761.5,162104.0,164416.4,False,False
lms,17,mpeg2+cosf+fac,157887.5,162104.0,164416.4,False,False
lms,18,matrix1+huff_enc+insertsort,157881.0,162104.0,164416.4,False,False
lms,19,cjpeg_transupp+anagram+h264_dec,159259.0,162104.0,164416.4,False,False
ludcmp,0,bitcount+rijndael_enc+st,2156.0,2213.4,2213.4,False,False
ludcmp,1,fft+powerwindow+binarysearch,2163.0,2213.4,2213.4,False,False
ludcmp,2,insertsort+mpeg2+complex_updates,2152.0,2213.4,2213.4,False,False
ludcmp,3,ammunition+cubic+powerwindow,2145.0,2213.4,2213.4,False,False
ludcmp,4,h264_dec+isqrt+md5,2183.0,2213.4,2213.4,False,False
ludcmp,5,cjpeg_wrbmp+fir2dim+duff,2159.0,2213.4,2213.4,False,False
ludcmp,6,fmref+gsm_dec+recursion,2150.0,2213.4,2213.4,False,False
ludcmp,7,fft+petrinet+matrix1,2153.5,2213.4,2213.4,False,False
ludcmp,8,anagram+rijndael_dec+minver,2163.0,2213.4,2213.4,False,False
ludcmp,9,mpeg2+fft+audiobeam,2187.0,2213.4,2213.4,False,False
ludcmp,10,fft+bitcount+lift,2169.5,2213.4,2213.4,False,False
ludcmp,11,petrinet+fmref+duff,2161.0,2213.4,2213.4,False,False
ludcmp,12,deg2rad+prime+statemate,2148.0,2213.4,2213.4,False,False
ludcmp,13,ndes+matrix1+susan,2158.0,2213.4,2213.4,False,False
ludcmp,14,cjpeg_transupp+fft+binarysearch,2157.0,2213.4,2213.4,False,False
ludcmp,15,ludcmp+ndes+cjpeg_transupp,2154.0,2213.4,2213.4,False,False
ludcmp,16,filterbank+epic+mpeg2,2141.5,2213.4,2213.4,False,False
ludcmp,17,pm+ndes+g723_enc,2155.0,2213.4,2213.4,False,False
ludcmp,18,bsort+matrix1+powerwindow,2153.5,2213.4,2213.4,False,False
ludcmp,19,binarysearch+epic+lift,2164.5,2213.4,2213.4,False,False
matrix1,0,fmref+mpeg2+rijndael_dec,8393.5,9391.6,9391.6,False,False
matrix1,1,fft+sha+bsort,8620.5,9391.6,9391.6,False,False
matrix1,2,ndes+pm+st,8927.0,9391.6,9391.6,False,False
matrix1,3,quicksort+petrinet+isqrt,8668.0,9391.6,9391.6,False,False
matrix1,4,binarysearch+mpeg2+ndes,7907.0,9391.6,9391.6,False,False
matrix1,5,gsm_enc+insertsort+fir2dim,8545.0,9391.6,9391.6,False,False
matrix1,6,adpcm_enc+fir2dim+epic,8641.5,9391.6,9391.6,False,False
matrix1,7,complex_updates+countnegative+fft,8862.5,9391.6,9391.6,False,False
matrix1,8,recursion+iir+cosf,8871.0,9391.6,9391.6,False,False
matrix1,9,cover+bsort+cjpeg_transupp,9010.0,9391.6,9391.6,False,False
matrix1,10,audiobeam+duff+statemate,8886.5,9391.6,9391.6,False,False
matrix1,11,rijndael_dec+bitcount+insertsort,8869.0,9391.6,9391.6,False,False
matrix1,12,recursion+jfdctint+st,8979.5,9391.6,9391.6,False,False
matrix1,13,quicksort+test3+isqrt,8583.5,9391.6,9391.6,False,False
matrix1,14,ammunition+ndes+fft,8457.5,9391.6,9391.6,False,False
matrix1,15,test3+recursion+md5,7815.0,9391.6,9391.6,False,False
matrix1,16,bsort+matrix1+fmref,8326.0,9391.6,9391.6,False,False
matrix1,17,cjpeg_transupp+cjpeg_wrbmp+complex_updates,8220.0,9391.6,9391.6,False,False
matrix1,18,st+pm+recursion,9533.0,9391.6,9391.6,True,True
matrix1,19,md5+rijndael_enc+cjpeg_wrbmp,9628.5,9391.6,9391.6,True,True
md5,0,prime+h264_dec+ammunition,18956565.0,19343473.8,19343473.8,False,False
md5,1,gsm_dec+fir2dim+petrinet,18906670.0,19343473.8,19343473.8,False,False
md5,2,prime+cubic+h264_dec,19031905.5,19343473.8,19343473.8,False,False
md5,3,md5+duff+rad2deg,18927534.5,19343473.8,19343473.8,False,False
md5,4,quicksort+rijndael_dec+h264_dec,18928213.0,19343473.8,19343473.8,False,False
md5,5,cover+jfdctint+cubic,18940292.5,19343473.8,19343473.8,False,False
md5,6,epic+rijndael_enc+rijndael_dec,18973659.5,19343473.8,19343473.8,False,False
md5,7,huff_enc+st+cosf,18976273.0,19343473.8,19343473.8,False,False
md5,8,fir2dim+petrinet+lms,18949493.5,19343473.8,19343473.8,False,False
md5,9,h264_dec+huff_dec+recursion,18949214.5,19343473.8,19343473.8,False,False
md5,10,duff+recursion+fmref,18895768.5,19343473.8,19343473.8,False,False
md5,11,insertsort+isqrt+gsm_dec,18917741.0,19343473.8,19343473.8,False,False
md5,12,cjpeg_wrbmp+sha+cosf,18938678.0,19343473.8,19343473.8,False,False
md5,13,rijndael_enc+matrix1+bsort,18936133.5,19343473.8,19343473.8,False,False
md5,14,susan+deg2rad+anagram,18922610.5,19343473.8,19343473.8,False,False
md5,15,mpeg2+huff_enc+susan,18912068.0,19343473.8,19343473.8,False,False
md5,16,fir2dim+lift+bitcount,18953446.5,19343473.8,19343473.8,False,False
md5,17,powerwindow+statemate+isqrt,18928226.0,19343473.8,19343473.8,False,False
md5,18,statemate+bitonic+duff,18919156.5,19343473.8,19343473.8,False,False
md5,19,binarysearch+rad2deg+cjpeg_wrbmp,18986200.0,19343473.8,19343473.8,False,False
minver,0,dijkstra+h264_dec+insertsort,1342.5,1385.7,1385.7,False,False
minver,1,cjpeg_transupp+st+gsm_enc,1356.0,1385.7,1385.7,False,False
minver,2,binarysearch+cover+sha,1346.5,1385.7,1385.7,False,False
minver,3,h264_dec+test3+filterbank,1383.0,1385.7,1385.7,False,False
minver,4,adpcm_enc+gsm_dec+anagram,1369.5,1385.7,1385.7,False,False
minver,5,g723_enc+insertsort+fir2dim,1384.0,1385.7,1385.7,False,False
minver,6,cubic+fmref+binarysearch,1360.0,1385.7,1385.7,False,False
minver,7,fir2dim+cover+adpcm_enc,1375.5,1385.7,1385.7,False,False
minver,8,fac+bitcount+st,1378.5,1385.7,1385.7,False,False
minver,9,powerwindow+mpeg2+fft,1345.0,1385.7,1385.7,False,False
minver,10,rijndael_dec+cjpeg_transupp+bsort,1338.0,1385.7,1385.7,False,False
minver,11,ammunition+duff+st,1368.0,1385.7,1385.7,False,False
minver,12,huff_enc+pm+st,1363.5,1385.7,1385.7,False,False
minver,13,bsort+rad2deg+powerwindow,1335.5,1385.7,1385.7,False,False
minver,14,huff_enc+h264_dec+md5,1341.0,1385.7,1385.7,False,False
minver,15,adpcm_dec+binarysearch+adpcm_enc,1333.5,1385.7,1385.7,False,False
minver,16,deg2rad+countnegative+st,1338.0,1385.7,1385.7,False,False
minver,17,cjpeg_transupp+lift+prime,1340.0,1385.7,1385.7,False,False
minver,18,matrix1+isqrt+gsm_enc,1343.5,1385.7,1385.7,False,False
minver,19,bitonic+recursion+duff,1347.0,1385.7,1385.7,False,False
mpeg2,0,cubic+epic+bitonic,262769083.0,268331984.5,270433387.9,False,False
mpeg2,1,anagram+cubic+gsm_dec,262796859.5,268331984.5,270433387.9,False,False
mpeg2,2,minver+rijndael_dec+md5,262844501.5,268331984.5,270433387.9,False,False
mpeg2,3,huff_dec+audiobeam+bitonic,262991254.5,268331984.5,270433387.9,False,False
mpeg2,4,st+iir+matrix1,262756934.5,268331984.5,270433387.9,False,False
mpeg2,5,jfdctint+adpcm_enc+minver,262821186.0,268331984.5,270433387.9,False,False
mpeg2,6,insertsort+lms+cubic,262817086.5,268331984.5,270433387.9,False,False
mpeg2,7,powerwindow+cjpeg_transupp+duff,262779515.5,268331984.5,270433387.9,False,False
mpeg2,8,gsm_enc+adpcm_dec+md5,262835654.0,268331984.5,270433387.9,False,False
mpeg2,9,filterbank+cubic+lms,262840270.0,268331984.5,270433387.9,False,False
mpeg2,10,gsm_dec+complex_updates+ndes,262756904.5,268331984.5,270433387.9,False,False
mpeg2,11,ndes+binarysearch+isqrt,262826722.5,268331984.5,270433387.9,False,False
mpeg2,12,fir2dim+audiobeam+isqrt,262815738.5,268331984.5,270433387.9,False,False
mpeg2,13,jfdctint+insertsort+rijndael_dec,262917950.5,268331984.5,270433387.9,False,False
mpeg2,14,insertsort+lift+adpcm_enc,262805057.0,268331984.5,270433387.9,False,False
mpeg2,15,fmref+susan+huff_enc,262794810.5,268331984.5,270433387.9,False,False
mpeg2,16,ammunition+minver+fmref,262812192.5,268331984.5,270433387.9,False,False
mpeg2,17,fir2dim+deg2rad+quicksort,262762819.5,268331984.5,270433387.9,False,False
mpeg2,18,adpcm_enc+filterbank+rijndael_dec,262804861.5,268331984.5,270433387.9,False,False
mpeg2,19,audiobeam+filterbank+cubic,262788527.5,268331984.5,270433387.9,False,False
ndes,0,prime+ndes+minver,29764.5,30117.5,30117.5,False,False
ndes,1,bitcount+recursion+ludcmp,29793.5,30117.5,30117.5,False,False
ndes,2,quicksort+rad2deg+fft,29137.0,30117.5,30117.5,False,False
ndes,3,bsort+ammunition+filterbank,29831.0,30117.5,30117.5,False,False
ndes,4,jfdctint+fft+sha,29282.5,30117.5,30117.5,False,False
ndes,5,mpeg2+complex_updates+st,29194.5,30117.5,30117.5,False,False
ndes,6,recursion+petrinet+huff_dec,29731.5,30117.5,30117.5,False,False
ndes,7,pm+huff_enc+minver,29032.5,30117.5,30117.5,False,False
ndes,8,complex_updates+rijndael_enc+bsort,29321.0,30117.5,30117.5,False,False
ndes,9,audiobeam+powerwindow+recursion,29097.0,30117.5,30117.5,False,False
ndes,10,huff_dec+ammunition+duff,29123.5,30117.5,30117.5,False,False
ndes,11,cosf+ammunition+rijndael_dec,29015.5,30117.5,30117.5,False,False
ndes,12,cosf+test3+ammunition,29459.5,30117.5,30117.5,False,False
ndes,13,fac+epic+insertsort,28992.0,30117.5,30117.5,False,False
ndes,14,g723_enc+sha+jfdctint,28946.0,30117.5,30117.5,False,False
ndes,15,huff_enc+deg2rad+ammunition,29307.0,30117.5,30117.5,False,False
ndes,16,rad2deg+mpeg2+cosf,29025.5,30117.5,30117.5,False,False
ndes,17,duff+filterbank+susan,29033.0,30117.5,30117.5,False,False
ndes,18,recursion+anagram+susan,29121.5,30117.5,30117.5,False,False
ndes,19,mpeg2+fft+dijkstra,29093.5,30117.5,30117.5,False,False
petrinet,0,bitonic+rijndael_enc+fir2dim,691.5,766.0,766.0,False,False
petrinet,1,gsm_enc+test3+g723_enc,699.0,766.0,766.0,False,False
petrinet,2,quicksort+h264_dec+fmref,696.0,766.0,766.0,False,False
petrinet,3,fft+complex_updates+iir,716.5,766.0,766.0,False,False
petrinet,4,pm+iir+fir2dim,723.0,766.0,766.0,False,False
petrinet,5,rijndael_enc+isqrt+dijkstra,721.0,766.0,766.0,False,False
petrinet,6,rijndael_enc+binarysearch+prime,755.5,766.0,766.0,False,False
petrinet,7,gsm_enc+binarysearch+matrix1,725.5,766.0,766.0,False,False
petrinet,8,sha+complex_updates+jfdctint,728.0,766.0,766.0,False,False
petrinet,9,duff+fac+bitcount,688.5,766.0,766.0,False,False
petrinet,10,binarysearch+fac+ndes,701.0,766.0,766.0,False,False
petrinet,11,duff+epic+h264_dec,696.5,766.0,766.0,False,False
petrinet,12,matrix1+powerwindow+gsm_enc,716.0,766.0,766.0,False,False
petrinet,13,cjpeg_wrbmp+pm+h264_dec,756.5,766.0,766.0,False,False
petrinet,14,filterbank+h264_dec+ammunition,725.0,766.0,766.0,False,False
petrinet,15,prime+susan+filterbank,719.0,766.0,766.0,False,False
petrinet,16,md5+gsm_enc+dijkstra,714.0,766.0,766.0,False,False
petrinet,17,minver+rijndael_dec+anagram,731.0,766.0,766.0,False,False
petrinet,18,audiobeam+ndes+minver,727.0,766.0,766.0,False,False
petrinet,19,g723_enc+fir2dim+insertsort,719.0,766.0,766.0,False,False
pm,0,rijndael_enc+quicksort+petrinet,7794249.5,7996175.8,8026592.2,False,False
pm,1,cjpeg_wrbmp+adpcm_enc+cjpeg_transupp,7827520.5,7996175.8,8026592.2,False,False
pm,2,statemate+matrix1+petrinet,7790288.5,7996175.8,8026592.2,False,False
pm,3,rijndael_dec+h264_dec+ammunition,7835064.5,7996175.8,8026592.2,False,False
pm,4,bsort+audiobeam+cubic,7868097.0,7996175.8,8026592.2,False,False
pm,5,recursion+mpeg2+fir2dim,7845647.5,7996175.8,8026592.2,False,False
pm,6,fir2dim+fmref+lms,7837247.5,7996175.8,8026592.2,False,False
pm,7,ammunition+matrix1+cjpeg_transupp,7790288.5,7996175.8,8026592.2,False,False
pm,8,petrinet+h264_dec+fir2dim,7803202.5,7996175.8,8026592.2,False,False
pm,9,fir2dim+h264_dec+rad2deg,7824566.5,7996175.8,8026592.2,False,False
pm,10,audiobeam+lms+bsort,7806906.5,7996175.8,8026592.2,False,False
pm,11,isqrt+fir2dim+g723_enc,7806838.0,7996175.8,8026592.2,False,False
pm,12,fac+mpeg2+dijkstra,7801833.0,7996175.8,8026592.2,False,False
pm,13,cubic+bitonic+adpcm_enc,7831941.0,7996175.8,8026592.2,False,False
pm,14,quicksort+complex_updates+iir,7824972.5,7996175.8,8026592.2,False,False
pm,15,isqrt+fmref+lift,7811273.0,7996175.8,8026592.2,False,False
pm,16,bitonic+deg2rad+recursion,7848237.0,7996175.8,8026592.2,False,False
pm,17,deg2rad+powerwindow+h264_dec,7809148.5,7996175.8,8026592.2,False,False
pm,18,countnegative+md5+duff,7854572.0,7996175.8,8026592.2,False,False
pm,19,pm+iir+cosf,7805758.5,7996175.8,8026592.2,False,False
powerwindow,0,bitonic+bsort+statemate,772643.0,793571.7,793571.7,False,False
powerwindow,1,audiobeam+h264_dec+complex_updates,772881.0,793571.7,793571.7,False,False
powerwindow,2,powerwindow+h264_dec+binarysearch,771580.5,793571.7,793571.7,False,False
powerwindow,3,rijndael_enc+petrinet+statemate,773401.0,793571.7,793571.7,False,False
powerwindow,4,fac+ndes+filterbank,772229.0,793571.7,793571.7,False,False
powerwindow,5,powerwindow+audiobeam+lift,774372.5,793571.7,793571.7,False,False
powerwindow,6,jfdctint+duff+epic,775942.5,793571.7,793571.7,False,False
powerwindow,7,statemate+cjpeg_wrbmp+powerwindow,772976.0,793571.7,793571.7,False,False
powerwindow,8,powerwindow+pm+minver,774144.5,793571.7,793571.7,False,False
powerwindow,9,complex_updates+rijndael_dec+fir2dim,774557.0,793571.7,793571.7,False,False
powerwindow,10,insertsort+cover+bitonic,773679.5,793571.7,793571.7,False,False
powerwindow,11,cosf+rijndael_dec+bsort,772315.0,793571.7,793571.7,False,False
powerwindow,12,cubic+rijndael_dec+iir,771889.5,793571.7,793571.7,False,False
powerwindow,13,adpcm_enc+fir2dim+lift,771476.5,793571.7,793571.7,False,False
powerwindow,14,lms+fir2dim+huff_dec,775248.5,793571.7,793571.7,False,False
powerwindow,15,rijndael_enc+lift+bsort,772589.0,793571.7,793571.7,False,False
powerwindow,16,md5+test3+binarysearch,773428.0,793571.7,793571.7,False,False
powerwindow,17,audiobeam+epic+g723_enc,772610.5,793571.7,793571.7,False,False
powerwindow,18,powerwindow+prime+huff_enc,771177.0,793571.7,793571.7,False,False
powerwindow,19,isqrt+gsm_dec+recursion,771537.0,793571.7,793571.7,False,False
prime,0,gsm_dec+sha+lms,356.0,385.1,385.1,False,False
prime,1,audiobeam+bsort+fac,357.0,385.1,385.1,False,False
prime,2,mpeg2+audiobeam+h264_dec,349.0,385.1,385.1,False,False
prime,3,huff_dec+petrinet+isqrt,355.0,385.1,385.1,False,False
prime,4,filterbank+bsort+test3,350.0,385.1,385.1,False,False
prime,5,st+recursion+lift,351.0,385.1,385.1,False,False
prime,6,minver+ludcmp+complex_updates,351.0,385.1,385.1,False,False
prime,7,recursion+bsort+gsm_enc,356.0,385.1,385.1,False,False
prime,8,insertsort+susan+anagram,354.0,385.1,385.1,False,False
prime,9,st+bitonic+isqrt,353.0,385.1,385.1,False,False
prime,10,cjpeg_transupp+epic+cjpeg_wrbmp,356.0,385.1,385.1,False,False
prime,11,cjpeg_wrbmp+fac+powerwindow,362.0,385.1,385.1,False,False
prime,12,cover+filterbank+isqrt,350.0,385.1,385.1,False,False
prime,13,duff+statemate+binarysearch,351.0,385.1,385.1,False,False
prime,14,deg2rad+cosf+minver,355.0,385.1,385.1,False,False
prime,15,lift+dijkstra+bsort,353.0,385.1,385.1,False,False
prime,16,minver+epic+md5,358.0,385.1,385.1,False,False
prime,17,jfdctint+binarysearch+insertsort,358.0,385.1,385.1,False,False
prime,18,mpeg2+cjpeg_wrbmp+ludcmp,362.0,385.1,385.1,False,False
prime,19,ludcmp+cjpeg_transupp+cjpeg_wrbmp,358.0,385.1,385.1,False,False
quicksort,0,ndes+md5+prime,2863363.0,2924600.1,3000876.2,False,False
quicksort,1,matrix1+fft+st,2860692.0,2924600.1,3000876.2,False,False
quicksort,2,lms+ammunition+sha,2855755.5,2924600.1,3000876.2,False,False
quicksort,3,susan+adpcm_enc+binarysearch,2855468.0,2924600.1,3000876.2,False,False
quicksort,4,ammunition+mpeg2+recursion,2862044.0,2924600.1,3000876.2,False,False
quicksort,5,lms+deg2rad+mpeg2,2857922.0,2924600.1,3000876.2,False,False
quicksort,6,countnegative+recursion+lms,2862487.0,2924600.1,3000876.2,False,False
quicksort,7,gsm_dec+md5+minver,2858634.0,2924600.1,3000876.2,False,False
quicksort,8,adpcm_enc+iir+test3,2856633.0,2924600.1,3000876.2,False,False
quicksort,9,minver+jfdctint+duff,2854368.5,2924600.1,3000876.2,False,False
quicksort,10,mpeg2+epic+huff_enc,2865211.0,2924600.1,3000876.2,False,False
quicksort,11,cubic+rijndael_enc+petrinet,2854308.5,2924600.1,3000876.2,False,False
quicksort,12,g723_enc+epic+huff_dec,2861871.5,2924600.1,3000876.2,False,False
quicksort,13,audiobeam+pm+anagram,2863060.5,2924600.1,3000876.2,False,False
quicksort,14,cjpeg_wrbmp+h264_dec+gsm_dec,2863723.0,2924600.1,3000876.2,False,False
quicksort,15,huff_enc+huff_dec+countnegative,2852250.0,2924600.1,3000876.2,False,False
quicksort,16,fft+matrix1+cjpeg_transupp,2860257.5,2924600.1,3000876.2,False,False
quicksort,17,fac+susan+powerwindow,2857137.5,2924600.1,3000876.2,False,False
quicksort,18,fac+prime+susan,2863438.5,2924600.1,3000876.2,False,False
quicksort,19,filterbank+g723_enc+bsort,2861191.0,2924600.1,3000876.2,False,False
rad2deg,0,rad2deg+fir2dim+insertsort,3755.5,3811.7,3821.9,False,False
rad2deg,1,lift+bitcount+fac,3744.5,3811.7,3821.9,False,False
rad2deg,2,cubic+huff_dec+bitonic,3731.5,3811.7,3821.9,False,False
rad2deg,3,dijkstra+h264_dec+cubic,3724.0,3811.7,3821.9,False,False
rad2deg,4,cjpeg_transupp+bitcount+anagram,3737.5,3811.7,3821.9,False,False
rad2deg,5,duff+fmref+susan,3730.5,3811.7,3821.9,False,False
rad2deg,6,md5+gsm_dec+cubic,3727.0,3811.7,3821.9,False,False
rad2deg,7,susan+cjpeg_wrbmp+sha,3727.0,3811.7,3821.9,False,False
rad2deg,8,fac+lms+prime,3729.5,3811.7,3821.9,False,False
rad2deg,9,fac+cosf+rad2deg,3731.5,3811.7,3821.9,False,False
rad2deg,10,cjpeg_wrbmp+iir+insertsort,3755.5,3811.7,3821.9,False,False
rad2deg,11,huff_dec+iir+test3,3727.5,3811.7,3821.9,False,False
rad2deg,12,epic+iir+adpcm_enc,3778.5,3811.7,3821.9,False,False
rad2deg,13,binarysearch+g723_enc+insertsort,3734.0,3811.7,3821.9,False,False
rad2deg,14,huff_dec+cubic+countnegative,3728.0,3811.7,3821.9,False,False
rad2deg,15,ludcmp+filterbank+anagram,3730.5,3811.7,3821.9,False,False
rad2deg,16,anagram+duff+iir,3761.5,3811.7,3821.9,False,False
rad2deg,17,matrix1+test3+st,3739.0,3811.7,3821.9,False,False
rad2deg,18,mpeg2+petrinet+huff_enc,3735.0,3811.7,3821.9,False,False
rad2deg,19,duff+jfdctint+adpcm_dec,3746.0,3811.7,3821.9,False,False
recursion,0,statemate+bitcount+gsm_enc,1294.0,1318.9,1318.9,False,False
recursion,1,bsort+test3+deg2rad,1293.0,1318.9,1318.9,False,False
recursion,2,prime+fir2dim+rad2deg,1294.0,1318.9,1318.9,False,False
recursion,3,g723_enc+fir2dim+ammunition,1293.0,1318.9,1318.9,False,False
recursion,4,g723_enc+anagram+lms,1293.0,1318.9,1318.9,False,False
recursion,5,lift+cosf+fir2dim,1293.0,1318.9,1318.9,False,False
recursion,6,lift+duff+audiobeam,1293.0,1318.9,1318.9,False,False
recursion,7,fmref+insertsort+h264_dec,1294.0,1318.9,1318.9,False,False
recursion,8,rad2deg+lift+dijkstra,1293.0,1318.9,1318.9,False,False
recursion,9,sha+md5+petrinet,1293.0,1318.9,1318.9,False,False
recursion,10,md5+bitonic+bsort,1293.0,1318.9,1318.9,False,False
recursion,11,bitcount+g723_enc+fir2dim,1293.0,1318.9,1318.9,False,False
recursion,12,rijndael_dec+fft+lift,1293.0,1318.9,1318.9,False,False
recursion,13,fir2dim+rad2deg+cjpeg_transupp,1293.0,1318.9,1318.9,False,False
recursion,14,cosf+matrix1+insertsort,1293.0,1318.9,1318.9,False,False
recursion,15,g723_enc+insertsort+ammunition,1293.0,1318.9,1318.9,False,False
recursion,16,ammunition+bsort+powerwindow,1293.0,1318.9,1318.9,False,False
recursion,17,fft+rijndael_enc+huff_enc,1293.0,1318.9,1318.9,False,False
recursion,18,isqrt+huff_dec+cjpeg_transupp,1293.0,1318.9,1318.9,False,False
recursion,19,matrix1+insertsort+bsort,1301.0,1318.9,1318.9,False,False
rijndael_dec,0,fac+md5+cjpeg_wrbmp,0,0.0,0.0,False,False
rijndael_dec,1,g723_enc+md5+quicksort,0,0.0,0.0,False,False
rijndael_dec,2,st+epic+ludcmp,0,0.0,0.0,False,False
rijndael_dec,3,fft+insertsort+st,0,0.0,0.0,False,False
rijndael_dec,4,insertsort+jfdctint+iir,0,0.0,0.0,False,False
rijndael_dec,5,powerwindow+lms+epic,0,0.0,0.0,False,False
rijndael_dec,6,huff_enc+sha+adpcm_enc,0,0.0,0.0,False,False
rijndael_dec,7,fir2dim+fft+petrinet,0,0.0,0.0,False,False
rijndael_dec,8,bitonic+gsm_dec+ludcmp,0,0.0,0.0,False,False
rijndael_dec,9,epic+rijndael_dec+prime,0,0.0,0.0,False,False
rijndael_dec,10,susan+pm+minver,0,0.0,0.0,False,False
rijndael_dec,11,adpcm_enc+matrix1+huff_enc,0,0.0,0.0,False,False
rijndael_dec,12,deg2rad+mpeg2+rijndael_dec,0,0.0,0.0,False,False
rijndael_dec,13,recursion+ludcmp+lms,0,0.0,0.0,False,False
rijndael_dec,14,cover+prime+anagram,0,0.0,0.0,False,False
rijndael_dec,15,ludcmp+huff_enc+cjpeg_wrbmp,0,0.0,0.0,False,False
rijndael_dec,16,isqrt+minver+prime,0,0.0,0.0,False,False
rijndael_dec,17,md5+recursion+st,0,0.0,0.0,False,False
rijndael_dec,18,fmref+cjpeg_transupp+sha,0,0.0,0.0,False,False
rijndael_dec,19,petrinet+cubic+ammunition,0,0.0,0.0,False,False
rijndael_enc,0,lms+pm+bitonic,0,0.0,0.0,False,False
rijndael_enc,1,cosf+adpcm_enc+h264_dec,0,0.0,0.0,False,False
rijndael_enc,2,fac+gsm_dec+cjpeg_transupp,0,0.0,0.0,False,False
rijndael_enc,3,gsm_dec+pm+countnegative,0,0.0,0.0,False,False
rijndael_enc,4,gsm_dec+insertsort+recursion,0,0.0,0.0,False,False
rijndael_enc,5,md5+huff_enc+susan,0,0.0,0.0,False,False
rijndael_enc,6,statemate+quicksort+prime,0,0.0,0.0,False,False
rijndael_enc,7,anagram+powerwindow+bsort,0,0.0,0.0,False,False
rijndael_enc,8,isqrt+countnegative+lift,0,0.0,0.0,False,False
rijndael_enc,9,fac+ndes+huff_enc,0,0.0,0.0,False,False
rijndael_enc,10,isqrt+fmref+fac,0,0.0,0.0,False,False
rijndael_enc,11,complex_updates+huff_dec+jfdctint,0,0.0,0.0,False,False
rijndael_enc,12,fft+jfdctint+filterbank,0,0.0,0.0,False,False
rijndael_enc,13,petrinet+recursion+susan,0,0.0,0.0,False,False
rijndael_enc,14,prime+petrinet+mpeg2,0,0.0,0.0,False,False
rijndael_enc,15,rijndael_enc+pm+deg2rad,0,0.0,0.0,False,False
rijndael_enc,16,md5+huff_enc+cosf,0,0.0,0.0,False,False
rijndael_enc,17,cubic+dijkstra+lift,0,0.0,0.0,False,False
rijndael_enc,18,epic+cover+recursion,0,0.0,0.0,False,False
rijndael_enc,19,duff+powerwindow+countnegative,0,0.0,0.0,False,False
sha,0,pm+powerwindow+iir,1458284.5,1503040.9,1571058.1,False,False
sha,1,fac+huff_enc+filterbank,1458955.5,1503040.9,1571058.1,False,False
sha,2,lift+rijndael_dec+prime,1457792.0,1503040.9,1571058.1,False,False
sha,3,dijkstra+duff+bitonic,1473500.0,1503040.9,1571058.1,False,False
sha,4,lms+petrinet+jfdctint,1453190.5,1503040.9,1571058.1,False,False
sha,5,fmref+g723_enc+sha,1463720.5,1503040.9,1571058.1,False,False
sha,6,filterbank+recursion+rijndael_enc,1473936.5,1503040.9,1571058.1,False,False
sha,7,cjpeg_transupp+duff+ammunition,1475915.5,1503040.9,1571058.1,False,False
sha,8,duff+powerwindow+binarysearch,1462509.0,1503040.9,1571058.1,False,False
sha,9,filterbank+h264_dec+mpeg2,1468821.0,1503040.9,1571058.1,False,False
sha,10,deg2rad+quicksort+huff_enc,1470138.5,1503040.9,1571058.1,False,False
sha,11,countnegative+cosf+sha,1459633.0,1503040.9,1571058.1,False,False
sha,12,jfdctint+dijkstra+lift,1463671.0,1503040.9,1571058.1,False,False
sha,13,pm+dijkstra+bsort,1467158.0,1503040.9,1571058.1,False,False
sha,14,bitcount+md5+quicksort,1464279.5,1503040.9,1571058.1,False,False
sha,15,ludcmp+cubic+anagram,1455148.5,1503040.9,1571058.1,False,False
sha,16,ndes+isqrt+cover,1456208.0,1503040.9,1571058.1,False,False
sha,17,minver+cover+anagram,1464112.0,1503040.9,1571058.1,False,False
sha,18,bitcount+gsm_dec+fft,1465831.5,1503040.9,1571058.1,False,False
sha,19,powerwindow+huff_enc+bitcount,1473299.0,1503040.9,1571058.1,False,False
st,0,petrinet+recursion+bsort,94769.5,96432.3,97308.0,False,False
st,1,adpcm_dec+lift+cjpeg_wrbmp,94872.0,96432.3,97308.0,False,False
st,2,gsm_dec+mpeg2+test3,94829.5,96432.3,97308.0,False,False
st,3,test3+huff_enc+mpeg2,94658.0,96432.3,97308.0,False,False
st,4,cosf+rad2deg+duff,94886.5,96432.3,97308.0,False,False
st,5,fac+duff+mpeg2,95105.5,96432.3,97308.0,False,False
st,6,anagram+recursion+binarysearch,94614.0,96432.3,97308.0,False,False
st,7,mpeg2+lms+cover,95154.0,96432.3,97308.0,False,False
st,8,jfdctint+quicksort+prime,94752.0,96432.3,97308.0,False,False
st,9,statemate+ammunition+complex_updates,94746.5,96432.3,97308.0,False,False
st,10,gsm_dec+test3+st,95068.5,96432.3,97308.0,False,False
st,11,complex_updates+ammunition+st,94843.0,96432.3,97308.0,False,False
st,12,g723_enc+rijndael_dec+iir,94789.0,96432.3,97308.0,False,False
st,13,complex_updates+quicksort+susan,94821.0,96432.3,97308.0,False,False
st,14,duff+test3+ammunition,94862.0,96432.3,97308.0,False,False
st,15,adpcm_dec+epic+lms,94858.0,96432.3,97308.0,False,False
st,16,matrix1+bitcount+fft,94796.5,96432.3,97308.0,False,False
st,17,duff+huff_dec+mpeg2,94869.0,96432.3,97308.0,False,False
st,18,jfdctint+isqrt+iir,95196.0,96432.3,97308.0,False,False
st,19,test3+bsort+statemate,95051.0,96432.3,97308.0,False,False
statemate,0,insertsort+huff_dec+dijkstra,23780.0,24269.9,24269.9,False,False
statemate,1,cosf+rijndael_enc+bitonic,24594.5,24269.9,24269.9,True,True
statemate,2,fft+cjpeg_wrbmp+prime,23766.5,24269.9,24269.9,False,False
statemate,3,huff_dec+mpeg2+deg2rad,24306.5,24269.9,24269.9,True,True
statemate,4,powerwindow+complex_updates+adpcm_dec,23775.5,24269.9,24269.9,False,False
statemate,5,quicksort+fft+rijndael_dec,23705.5,24269.9,24269.9,False,False
statemate,6,duff+lms+petrinet,23761.0,24269.9,24269.9,False,False
statemate,7,rad2deg+cosf+complex_updates,23723.5,24269.9,24269.9,False,False
statemate,8,md5+statemate+minver,23761.5,24269.9,24269.9,False,False
statemate,9,g723_enc+sha+gsm_enc,23765.0,24269.9,24269.9,False,False
statemate,10,insertsort+fac+binarysearch,23753.0,24269.9,24269.9,False,False
statemate,11,g723_enc+ndes+bitcount,23756.0,24269.9,24269.9,False,False
statemate,12,complex_updates+bsort+huff_enc,23779.0,24269.9,24269.9,False,False
statemate,13,fac+cubic+adpcm_dec,23730.5,24269.9,24269.9,False,False
statemate,14,deg2rad+fmref+cubic,23742.5,24269.9,24269.9,False,False
statemate,15,h264_dec+rad2deg+dijkstra,23775.5,24269.9,24269.9,False,False
statemate,16,fft+epic+ludcmp,23745.0,24269.9,24269.9,False,False
statemate,17,prime+lms+adpcm_dec,23766.5,24269.9,24269.9,False,False
statemate,18,deg2rad+mpeg2+fir2dim,23816.0,24269.9,24269.9,False,False
statemate,19,pm+cubic+anagram,23711.0,24269.9,24269.9,False,False
susan,0,ndes+bitonic+huff_dec,30862143.0,31684845.0,31854352.3,False,False
susan,1,epic+cjpeg_wrbmp+g723_enc,30837992.0,31684845.0,31854352.3,False,False
susan,2,petrinet+insertsort+test3,30656479.0,31684845.0,31854352.3,False,False
susan,3,powerwindow+recursion+epic,30818864.0,31684845.0,31854352.3,False,False
susan,4,pm+bitonic+minver,30846232.0,31684845.0,31854352.3,False,False
susan,5,duff+fir2dim+md5,30653402.0,31684845.0,31854352.3,False,False
susan,6,cover+bsort+huff_enc,30839759.0,31684845.0,31854352.3,False,False
susan,7,cjpeg_transupp+huff_dec+quicksort,30682901.5,31684845.0,31854352.3,False,False
susan,8,matrix1+fir2dim+gsm_dec,30681255.5,31684845.0,31854352.3,False,False
susan,9,pm+lift+huff_enc,30829110.5,31684845.0,31854352.3,False,False
susan,10,rad2deg+jfdctint+rijndael_enc,30797115.0,31684845.0,31854352.3,False,False
susan,11,ndes+sha+countnegative,30709959.0,31684845.0,31854352.3,False,False
susan,12,rad2deg+cubic+petrinet,30818718.0,31684845.0,31854352.3,False,False
susan,13,rad2deg+matrix1+susan,30750882.5,31684845.0,31854352.3,False,False
susan,14,rijndael_dec+binarysearch+isqrt,30874258.5,31684845.0,31854352.3,False,False
susan,15,h264_dec+isqrt+powerwindow,30945919.0,31684845.0,31854352.3,False,False
susan,16,fir2dim+audiobeam+lms,30672750.0,31684845.0,31854352.3,False,False
susan,17,bitonic+anagram+st,30676681.5,31684845.0,31854352.3,False,False
susan,18,lift+insertsort+cosf,30757369.5,31684845.0,31854352.3,False,False
susan,19,lms+jfdctint+cjpeg_transupp,30735789.0,31684845.0,31854352.3,False,False
test3,0,cjpeg_wrbmp+fac+statemate,212493306.0,224740593.3,224740593.3,False,False
test3,1,isqrt+h264_dec+bitonic,212497807.5,224740593.3,224740593.3,False,False
test3,2,petrinet+countnegative+powerwindow,213061440.5,224740593.3,224740593.3,False,False
test3,3,ludcmp+iir+binarysearch,212460658.0,224740593.3,224740593.3,False,False
test3,4,insertsort+h264_dec+rijndael_enc,212502303.5,224740593.3,224740593.3,False,False
test3,5,anagram+huff_dec+bsort,212474589.5,224740593.3,224740593.3,False,False
test3,6,insertsort+gsm_dec+huff_dec,212493370.0,224740593.3,224740593.3,False,False
test3,7,lms+anagram+lift,212498710.0,224740593.3,224740593.3,False,False
test3,8,huff_dec+petrinet+rijndael_enc,212487736.5,224740593.3,224740593.3,False,False
test3,9,epic+prime+adpcm_enc,212500402.5,224740593.3,224740593.3,False,False
test3,10,g723_enc+deg2rad+sha,212489290.0,224740593.3,224740593.3,False,False
test3,11,adpcm_dec+quicksort+countnegative,212488602.5,224740593.3,224740593.3,False,False
test3,12,ludcmp+audiobeam+ammunition,212506981.5,224740593.3,224740593.3,False,False
test3,13,gsm_enc+filterbank+pm,218789690.5,224740593.3,224740593.3,False,False
test3,14,audiobeam+jfdctint+anagram,212479841.5,224740593.3,224740593.3,False,False
test3,15,audiobeam+huff_enc+ammunition,212492476.5,224740593.3,224740593.3,False,False
test3,16,duff+gsm_dec+complex_updates,217476880.0,224740593.3,224740593.3,False,False
test3,17,recursion+bsort+mpeg2,217453731.5,224740593.3,224740593.3,False,False
test3,18,prime+mpeg2+gsm_dec,219457075.0,224740593.3,224740593.3,False,False
test3,19,fir2dim+fmref+h264_dec,212492609.0,224740593.3,224740593.3,False,False
