board,bench,config,run_id,active_cores,freq_khz,victim_core,attacker_cores,cycles,instructions,cache_misses
pi5,recursion,LLC+MEM,0,4,2400000,0,1..3,18819,3147,15
pi5,recursion,LLC+MEM,1,4,2400000,0,1..3,5703,3147,3
pi5,recursion,LLC+MEM,2,4,2400000,0,1..3,1293,3147,0
pi5,recursion,LLC+MEM,3,4,2400000,0,1..3,1293,3147,0
pi5,recursion,LLC+MEM,4,4,2400000,0,1..3,1293,3147,0
pi5,recursion,LLC+MEM,5,4,2400000,0,1..3,1293,3147,0
pi5,recursion,LLC+MEM,6,4,2400000,0,1..3,1293,3147,0
pi5,recursion,LLC+MEM,7,4,2400000,0,1..3,1293,3147,0
pi5,recursion,LLC+MEM,8,4,2400000,0,1..3,1293,3147,0
pi5,recursion,LLC+MEM,9,4,2400000,0,1..3,1293,3147,0
pi5,recursion,LLC+MEM,10,4,2400000,0,1..3,1293,3147,0
pi5,recursion,LLC+MEM,11,4,2400000,0,1..3,1293,3147,0
pi5,recursion,LLC+MEM,12,4,2400000,0,1..3,1293,3147,0
pi5,recursion,LLC+MEM,13,4,2400000,0,1..3,1293,3147,0
pi5,recursion,LLC+MEM,14,4,2400000,0,1..3,1293,3147,0
pi5,recursion,LLC+MEM,15,4,2400000,0,1..3,1293,3147,0
pi5,recursion,LLC+MEM,16,4,2400000,0,1..3,2644,3147,1
pi5,recursion,LLC+MEM,17,4,2400000,0,1..3,2891,3147,1
pi5,recursion,LLC+MEM,18,4,2400000,0,1..3,4613,3147,1
pi5,recursion,LLC+MEM,19,4,2400000,0,1..3,1293,3147,0
pi5,recursion,LLC+MEM,20,4,2400000,0,1..3,1293,3147,0
pi5,recursion,LLC+MEM,21,4,2400000,0,1..3,1293,3147,0
pi5,recursion,LLC+MEM,22,4,2400000,0,1..3,2756,3147,1
pi5,recursion,LLC+MEM,23,4,2400000,0,1..3,1293,3147,0
pi5,recursion,LLC+MEM,24,4,2400000,0,1..3,1293,3147,0
pi5,recursion,LLC+MEM,25,4,2400000,0,1..3,1293,3147,0
pi5,recursion,LLC+MEM,26,4,2400000,0,1..3,1293,3147,0
pi5,recursion,LLC+MEM,27,4,2400000,0,1..3,1293,3147,0
pi5,recursion,LLC+MEM,28,4,2400000,0,1..3,1293,3147,0
pi5,recursion,LLC+MEM,29,4,2400000,0,1..3,1293,3147,0
pi5,recursion,LLC+MEM,30,4,2400000,0,1..3,1293,3147,0
pi5,recursion,LLC+MEM,31,4,2400000,0,1..3,1293,3147,0
pi5,recursion,LLC+MEM,32,4,2400000,0,1..3,1293,3147,0
pi5,recursion,LLC+MEM,33,4,2400000,0,1..3,1293,3147,0
pi5,recursion,LLC+MEM,34,4,2400000,0,1..3,1293,3147,0
pi5,recursion,LLC+MEM,35,4,2400000,0,1..3,1293,3147,0
pi5,recursion,LLC+MEM,36,4,2400000,0,1..3,1293,3147,0
pi5,recursion,LLC+MEM,37,4,2400000,0,1..3,1293,3147,0
pi5,recursion,LLC+MEM,38,4,2400000,0,1..3,3827,3147,1
pi5,recursion,LLC+MEM,39,4,2400000,0,1..3,1293,3147,0
pi5,recursion,LLC+MEM,40,4,2400000,0,1..3,1293,3147,0
pi5,recursion,LLC+MEM,41,4,2400000,0,1..3,1293,3147,0
pi5,recursion,LLC+MEM,42,4,2400000,0,1..3,1293,3147,0
pi5,recursion,LLC+MEM,43,4,2400000,0,1..3,1293,3147,0
pi5,recursion,LLC+MEM,44,4,2400000,0,1..3,1293,3147,0
pi5,recursion,LLC+MEM,45,4,2400000,0,1..3,1293,3147,0
pi5,recursion,LLC+MEM,46,4,2400000,0,1..3,2596,3147,1
pi5,recursion,LLC+MEM,47,4,2400000,0,1..3,1293,3147,0
pi5,recursion,LLC+MEM,48,4,2400000,0,1..3,1293,3147,0
pi5,recursion,LLC+MEM,49,4,2400000,0,1..3,1293,3147,0
pi5,recursion,LLC+MEM,50,4,2400000,0,1..3,1293,3147,0
pi5,recursion,LLC+MEM,51,4,2400000,0,1..3,1293,3147,0
pi5,recursion,LLC+MEM,52,4,2400000,0,1..3,1293,3147,0
pi5,recursion,LLC+MEM,53,4,2400000,0,1..3,1293,3147,0
pi5,recursion,LLC+MEM,54,4,2400000,0,1..3,1293,3147,0
pi5,recursion,LLC+MEM,55,4,2400000,0,1..3,1293,3147,0
pi5,recursion,LLC+MEM,56,4,2400000,0,1..3,1293,3147,0
pi5,recursion,LLC+MEM,57,4,2400000,0,1..3,1293,3147,0
pi5,recursion,LLC+MEM,58,4,2400000,0,1..3,1293,3147,0
pi5,recursion,LLC+MEM,59,4,2400000,0,1..3,1293,3147,0
pi5,recursion,LLC+MEM,60,4,2400000,0,1..3,1293,3147,0
pi5,recursion,LLC+MEM,61,4,2400000,0,1..3,1293,3147,0
pi5,recursion,LLC+MEM,62,4,2400000,0,1..3,1293,3147,0
pi5,recursion,LLC+MEM,63,4,2400000,0,1..3,1293,3147,0
pi5,recursion,LLC+MEM,64,4,2400000,0,1..3,1293,3147,0
pi5,recursion,LLC+MEM,65,4,2400000,0,1..3,1293,3147,0
pi5,recursion,LLC+MEM,66,4,2400000,0,1..3,1293,3147,0
pi5,recursion,LLC+MEM,67,4,2400000,0,1..3,3929,3147,1
pi5,recursion,LLC+MEM,68,4,2400000,0,1..3,1293,3147,0
pi5,recursion,LLC+MEM,69,4,2400000,0,1..3,1293,3147,0
pi5,recursion,LLC+MEM,70,4,2400000,0,1..3,1293,3147,0
pi5,recursion,LLC+MEM,71,4,2400000,0,1..3,1293,3147,0
pi5,recursion,LLC+MEM,72,4,2400000,0,1..3,1293,3147,0
pi5,recursion,LLC+MEM,73,4,2400000,0,1..3,1293,3147,0
pi5,recursion,LLC+MEM,74,4,2400000,0,1..3,1293,3147,0
pi5,recursion,LLC+MEM,75,4,2400000,0,1..3,1293,3147,0
pi5,recursion,LLC+MEM,76,4,2400000,0,1..3,1293,3147,0
pi5,recursion,LLC+MEM,77,4,2400000,0,1..3,1293,3147,0
pi5,recursion,LLC+MEM,78,4,2400000,0,1..3,1293,3147,0
pi5,recursion,LLC+MEM,79,4,2400000,0,1..3,4033,3147,2
pi5,recursion,LLC+MEM,80,4,2400000,0,1..3,1293,3147,0
pi5,recursion,LLC+MEM,81,4,2400000,0,1..3,2487,3147,0
pi5,recursion,LLC+MEM,82,4,2400000,0,1..3,1293,3147,0
pi5,recursion,LLC+MEM,83,4,2400000,0,1..3,1293,3147,0
pi5,recursion,LLC+MEM,84,4,2400000,0,1..3,1293,3147,0
pi5,recursion,LLC+MEM,85,4,2400000,0,1..3,1293,3147,0
pi5,recursion,LLC+MEM,86,4,2400000,0,1..3,1293,3147,0
pi5,recursion,LLC+MEM,87,4,2400000,0,1..3,1293,3147,0
pi5,recursion,LLC+MEM,88,4,2400000,0,1..3,1293,3147,0
pi5,recursion,LLC+MEM,89,4,2400000,0,1..3,1293,3147,0
pi5,recursion,LLC+MEM,90,4,2400000,0,1..3,1293,3147,0
pi5,recursion,LLC+MEM,91,4,2400000,0,1..3,1293,3147,0
pi5,recursion,LLC+MEM,92,4,2400000,0,1..3,1293,3147,0
pi5,recursion,LLC+MEM,93,4,2400000,0,1..3,3381,3147,1
pi5,recursion,LLC+MEM,94,4,2400000,0,1..3,1293,3147,0
pi5,recursion,LLC+MEM,95,4,2400000,0,1..3,1293,3147,0
pi5,recursion,LLC+MEM,96,4,2400000,0,1..3,1293,3147,0
pi5,recursion,LLC+MEM,97,4,2400000,0,1..3,1293,3147,0
pi5,recursion,LLC+MEM,98,4,2400000,0,1..3,1293,3147,0
pi5,recursion,LLC+MEM,99,4,2400000,0,1..3,1293,3147,0
pi5,recursion,LLC+MEM,100,4,2400000,0,1..3,1293,3147,0
pi5,recursion,LLC+MEM,101,4,2400000,0,1..3,1293,3147,0
pi5,recursion,LLC+MEM,102,4,2400000,0,1..3,1293,3147,0
pi5,recursion,LLC+MEM,103,4,2400000,0,1..3,1293,3147,0
pi5,recursion,LLC+MEM,104,4,2400000,0,1..3,1293,3147,0
pi5,recursion,LLC+MEM,105,4,2400000,0,1..3,1293,3147,0
pi5,recursion,LLC+MEM,106,4,2400000,0,1..3,1293,3147,0
pi5,recursion,LLC+MEM,107,4,2400000,0,1..3,3217,3147,1
pi5,recursion,LLC+MEM,108,4,2400000,0,1..3,1293,3147,0
pi5,recursion,LLC+MEM,109,4,2400000,0,1..3,1293,3147,0
pi5,recursion,LLC+MEM,110,4,2400000,0,1..3,1293,3147,0
pi5,recursion,LLC+MEM,111,4,2400000,0,1..3,1293,3147,0
pi5,recursion,LLC+MEM,112,4,2400000,0,1..3,1293,3147,0
pi5,recursion,LLC+MEM,113,4,2400000,0,1..3,1293,3147,0
pi5,recursion,LLC+MEM,114,4,2400000,0,1..3,1293,3147,0
pi5,recursion,LLC+MEM,115,4,2400000,0,1..3,1293,3147,0
pi5,recursion,LLC+MEM,116,4,2400000,0,1..3,1293,3147,0
pi5,recursion,LLC+MEM,117,4,2400000,0,1..3,1293,3147,0
pi5,recursion,LLC+MEM,118,4,2400000,0,1..3,1293,3147,0
pi5,recursion,LLC+MEM,119,4,2400000,0,1..3,1293,3147,0
pi5,recursion,LLC+MEM,120,4,2400000,0,1..3,1293,3147,0
pi5,recursion,LLC+MEM,121,4,2400000,0,1..3,1293,3147,0
pi5,recursion,LLC+MEM,122,4,2400000,0,1..3,1293,3147,0
pi5,recursion,LLC+MEM,123,4,2400000,0,1..3,1293,3147,0
pi5,recursion,LLC+MEM,124,4,2400000,0,1..3,1293,3147,0
pi5,recursion,LLC+MEM,125,4,2400000,0,1..3,1293,3147,0
pi5,recursion,LLC+MEM,126,4,2400000,0,1..3,1293,3147,0
pi5,recursion,LLC+MEM,127,4,2400000,0,1..3,1293,3147,0
pi5,recursion,LLC+MEM,128,4,2400000,0,1..3,1293,3147,0
pi5,recursion,LLC+MEM,129,4,2400000,0,1..3,1293,3147,0
pi5,recursion,LLC+MEM,130,4,2400000,0,1..3,1293,3147,0
pi5,recursion,LLC+MEM,131,4,2400000,0,1..3,1293,3147,0
pi5,recursion,LLC+MEM,132,4,2400000,0,1..3,1293,3147,0
pi5,recursion,LLC+MEM,133,4,2400000,0,1..3,1293,3147,0
pi5,recursion,LLC+MEM,134,4,2400000,0,1..3,1293,3147,0
pi5,recursion,LLC+MEM,135,4,2400000,0,1..3,2564,3147,1
pi5,recursion,LLC+MEM,136,4,2400000,0,1..3,1293,3147,0
pi5,recursion,LLC+MEM,137,4,2400000,0,1..3,1293,3147,0
pi5,recursion,LLC+MEM,138,4,2400000,0,1..3,1293,3147,0
pi5,recursion,LLC+MEM,139,4,2400000,0,1..3,1293,3147,0
pi5,recursion,LLC+MEM,140,4,2400000,0,1..3,1293,3147,0
pi5,recursion,LLC+MEM,141,4,2400000,0,1..3,1293,3147,0
pi5,recursion,LLC+MEM,142,4,2400000,0,1..3,1293,3147,0
pi5,recursion,LLC+MEM,143,4,2400000,0,1..3,1293,3147,0
pi5,recursion,LLC+MEM,144,4,2400000,0,1..3,1312,3147,1
pi5,recursion,LLC+MEM,145,4,2400000,0,1..3,1293,3147,0
pi5,recursion,LLC+MEM,146,4,2400000,0,1..3,1293,3147,0
pi5,recursion,LLC+MEM,147,4,2400000,0,1..3,1293,3147,0
pi5,recursion,LLC+MEM,148,4,2400000,0,1..3,1293,3147,0
pi5,recursion,LLC+MEM,149,4,2400000,0,1..3,1293,3147,0
pi5,recursion,LLC+MEM,150,4,2400000,0,1..3,1293,3147,0
pi5,recursion,LLC+MEM,151,4,2400000,0,1..3,1293,3147,0
pi5,recursion,LLC+MEM,152,4,2400000,0,1..3,1293,3147,0
pi5,recursion,LLC+MEM,153,4,2400000,0,1..3,1293,3147,0
pi5,recursion,LLC+MEM,154,4,2400000,0,1..3,1293,3147,0
pi5,recursion,LLC+MEM,155,4,2400000,0,1..3,1293,3147,0
pi5,recursion,LLC+MEM,156,4,2400000,0,1..3,1293,3147,0
pi5,recursion,LLC+MEM,157,4,2400000,0,1..3,1293,3147,0
pi5,recursion,LLC+MEM,158,4,2400000,0,1..3,1293,3147,0
pi5,recursion,LLC+MEM,159,4,2400000,0,1..3,1293,3147,0
pi5,recursion,LLC+MEM,160,4,2400000,0,1..3,1293,3147,0
pi5,recursion,LLC+MEM,161,4,2400000,0,1..3,1293,3147,0
pi5,recursion,LLC+MEM,162,4,2400000,0,1..3,1293,3147,0
pi5,recursion,LLC+MEM,163,4,2400000,0,1..3,1293,3147,0
pi5,recursion,LLC+MEM,164,4,2400000,0,1..3,1293,3147,0
pi5,recursion,LLC+MEM,165,4,2400000,0,1..3,1293,3147,0
pi5,recursion,LLC+MEM,166,4,2400000,0,1..3,1293,3147,0
pi5,recursion,LLC+MEM,167,4,2400000,0,1..3,1293,3147,0
pi5,recursion,LLC+MEM,168,4,2400000,0,1..3,1293,3147,0
pi5,recursion,LLC+MEM,169,4,2400000,0,1..3,1293,3147,0
pi5,recursion,LLC+MEM,170,4,2400000,0,1..3,1293,3147,0
pi5,recursion,LLC+MEM,171,4,2400000,0,1..3,1293,3147,0
pi5,recursion,LLC+MEM,172,4,2400000,0,1..3,1293,3147,0
pi5,recursion,LLC+MEM,173,4,2400000,0,1..3,1293,3147,0
pi5,recursion,LLC+MEM,174,4,2400000,0,1..3,1293,3147,0
pi5,recursion,LLC+MEM,175,4,2400000,0,1..3,1293,3147,0
pi5,recursion,LLC+MEM,176,4,2400000,0,1..3,1293,3147,0
pi5,recursion,LLC+MEM,177,4,2400000,0,1..3,1293,3147,0
pi5,recursion,LLC+MEM,178,4,2400000,0,1..3,1293,3147,0
pi5,recursion,LLC+MEM,179,4,2400000,0,1..3,1293,3147,0
pi5,recursion,LLC+MEM,180,4,2400000,0,1..3,1293,3147,0
pi5,recursion,LLC+MEM,181,4,2400000,0,1..3,1293,3147,0
pi5,recursion,LLC+MEM,182,4,2400000,0,1..3,1293,3147,0
pi5,recursion,LLC+MEM,183,4,2400000,0,1..3,1293,3147,0
pi5,recursion,LLC+MEM,184,4,2400000,0,1..3,1293,3147,0
pi5,recursion,LLC+MEM,185,4,2400000,0,1..3,1293,3147,0
pi5,recursion,LLC+MEM,186,4,2400000,0,1..3,1293,3147,0
pi5,recursion,LLC+MEM,187,4,2400000,0,1..3,1293,3147,0
pi5,recursion,LLC+MEM,188,4,2400000,0,1..3,1293,3147,0
pi5,recursion,LLC+MEM,189,4,2400000,0,1..3,1293,3147,0
pi5,recursion,LLC+MEM,190,4,2400000,0,1..3,1293,3147,0
pi5,recursion,LLC+MEM,191,4,2400000,0,1..3,1293,3147,0
pi5,recursion,LLC+MEM,192,4,2400000,0,1..3,1293,3147,0
pi5,recursion,LLC+MEM,193,4,2400000,0,1..3,1293,3147,0
pi5,recursion,LLC+MEM,194,4,2400000,0,1..3,6510,3147,2
pi5,recursion,LLC+MEM,195,4,2400000,0,1..3,1293,3147,0
pi5,recursion,LLC+MEM,196,4,2400000,0,1..3,1293,3147,0
pi5,recursion,LLC+MEM,197,4,2400000,0,1..3,1293,3147,0
pi5,recursion,LLC+MEM,198,4,2400000,0,1..3,1293,3147,0
pi5,recursion,LLC+MEM,199,4,2400000,0,1..3,1293,3147,0
pi5,recursion,LLC+MEM,200,4,2400000,0,1..3,1293,3147,0
pi5,recursion,LLC+MEM,201,4,2400000,0,1..3,1293,3147,0
pi5,recursion,LLC+MEM,202,4,2400000,0,1..3,1293,3147,0
pi5,recursion,LLC+MEM,203,4,2400000,0,1..3,1293,3147,0
pi5,recursion,LLC+MEM,204,4,2400000,0,1..3,1293,3147,0
pi5,recursion,LLC+MEM,205,4,2400000,0,1..3,1293,3147,0
pi5,recursion,LLC+MEM,206,4,2400000,0,1..3,1294,3147,0
pi5,recursion,LLC+MEM,207,4,2400000,0,1..3,1293,3147,0
pi5,recursion,LLC+MEM,208,4,2400000,0,1..3,1293,3147,0
pi5,recursion,LLC+MEM,209,4,2400000,0,1..3,1293,3147,0
pi5,recursion,LLC+MEM,210,4,2400000,0,1..3,1293,3147,0
pi5,recursion,LLC+MEM,211,4,2400000,0,1..3,1293,3147,0
pi5,recursion,LLC+MEM,212,4,2400000,0,1..3,1293,3147,0
pi5,recursion,LLC+MEM,213,4,2400000,0,1..3,1293,3147,0
pi5,recursion,LLC+MEM,214,4,2400000,0,1..3,1293,3147,0
pi5,recursion,LLC+MEM,215,4,2400000,0,1..3,1293,3147,0
pi5,recursion,LLC+MEM,216,4,2400000,0,1..3,2448,3147,1
pi5,recursion,LLC+MEM,217,4,2400000,0,1..3,1293,3147,0
pi5,recursion,LLC+MEM,218,4,2400000,0,1..3,1293,3147,0
pi5,recursion,LLC+MEM,219,4,2400000,0,1..3,1293,3147,0
pi5,recursion,LLC+MEM,220,4,2400000,0,1..3,1293,3147,0
pi5,recursion,LLC+MEM,221,4,2400000,0,1..3,1293,3147,0
pi5,recursion,LLC+MEM,222,4,2400000,0,1..3,1293,3147,0
pi5,recursion,LLC+MEM,223,4,2400000,0,1..3,1293,3147,0
pi5,recursion,LLC+MEM,224,4,2400000,0,1..3,1293,3147,0
pi5,recursion,LLC+MEM,225,4,2400000,0,1..3,1293,3147,0
pi5,recursion,LLC+MEM,226,4,2400000,0,1..3,1293,3147,0
pi5,recursion,LLC+MEM,227,4,2400000,0,1..3,1293,3147,0
pi5,recursion,LLC+MEM,228,4,2400000,0,1..3,1293,3147,0
pi5,recursion,LLC+MEM,229,4,2400000,0,1..3,2102,3147,1
pi5,recursion,LLC+MEM,230,4,2400000,0,1..3,1293,3147,0
pi5,recursion,LLC+MEM,231,4,2400000,0,1..3,1293,3147,0
pi5,recursion,LLC+MEM,232,4,2400000,0,1..3,1293,3147,0
pi5,recursion,LLC+MEM,233,4,2400000,0,1..3,1293,3147,0
pi5,recursion,LLC+MEM,234,4,2400000,0,1..3,1293,3147,0
pi5,recursion,LLC+MEM,235,4,2400000,0,1..3,1293,3147,0
pi5,recursion,LLC+MEM,236,4,2400000,0,1..3,1293,3147,0
pi5,recursion,LLC+MEM,237,4,2400000,0,1..3,1293,3147,0
pi5,recursion,LLC+MEM,238,4,2400000,0,1..3,5405,3147,1
pi5,recursion,LLC+MEM,239,4,2400000,0,1..3,1293,3147,0
pi5,recursion,LLC+MEM,240,4,2400000,0,1..3,1293,3147,0
pi5,recursion,LLC+MEM,241,4,2400000,0,1..3,1293,3147,0
pi5,recursion,LLC+MEM,242,4,2400000,0,1..3,1293,3147,0
pi5,recursion,LLC+MEM,243,4,2400000,0,1..3,1293,3147,0
pi5,recursion,LLC+MEM,244,4,2400000,0,1..3,1293,3147,0
pi5,recursion,LLC+MEM,245,4,2400000,0,1..3,1293,3147,0
pi5,recursion,LLC+MEM,246,4,2400000,0,1..3,1293,3147,0
pi5,recursion,LLC+MEM,247,4,2400000,0,1..3,1293,3147,0
pi5,recursion,LLC+MEM,248,4,2400000,0,1..3,1293,3147,0
pi5,recursion,LLC+MEM,249,4,2400000,0,1..3,1293,3147,0
pi5,recursion,LLC+MEM,250,4,2400000,0,1..3,1293,3147,0
pi5,recursion,LLC+MEM,251,4,2400000,0,1..3,1293,3147,0
pi5,recursion,LLC+MEM,252,4,2400000,0,1..3,1293,3147,0
pi5,recursion,LLC+MEM,253,4,2400000,0,1..3,1293,3147,0
pi5,recursion,LLC+MEM,254,4,2400000,0,1..3,1293,3147,0
pi5,recursion,LLC+MEM,255,4,2400000,0,1..3,1293,3147,0
pi5,recursion,LLC+MEM,256,4,2400000,0,1..3,1293,3147,0
pi5,recursion,LLC+MEM,257,4,2400000,0,1..3,1293,3147,0
pi5,recursion,LLC+MEM,258,4,2400000,0,1..3,1293,3147,0
pi5,recursion,LLC+MEM,259,4,2400000,0,1..3,1293,3147,0
pi5,recursion,LLC+MEM,260,4,2400000,0,1..3,1293,3147,0
pi5,recursion,LLC+MEM,261,4,2400000,0,1..3,1293,3147,0
pi5,recursion,LLC+MEM,262,4,2400000,0,1..3,1293,3147,0
pi5,recursion,LLC+MEM,263,4,2400000,0,1..3,1293,3147,0
pi5,recursion,LLC+MEM,264,4,2400000,0,1..3,1293,3147,0
pi5,recursion,LLC+MEM,265,4,2400000,0,1..3,1293,3147,0
pi5,recursion,LLC+MEM,266,4,2400000,0,1..3,1293,3147,0
pi5,recursion,LLC+MEM,267,4,2400000,0,1..3,1293,3147,0
pi5,recursion,LLC+MEM,268,4,2400000,0,1..3,1293,3147,0
pi5,recursion,LLC+MEM,269,4,2400000,0,1..3,1293,3147,0
pi5,recursion,LLC+MEM,270,4,2400000,0,1..3,1293,3147,0
pi5,recursion,LLC+MEM,271,4,2400000,0,1..3,1293,3147,0
pi5,recursion,LLC+MEM,272,4,2400000,0,1..3,1293,3147,0
pi5,recursion,LLC+MEM,273,4,2400000,0,1..3,1293,3147,0
pi5,recursion,LLC+MEM,274,4,2400000,0,1..3,1293,3147,0
pi5,recursion,LLC+MEM,275,4,2400000,0,1..3,1293,3147,0
pi5,recursion,LLC+MEM,276,4,2400000,0,1..3,1293,3147,0
pi5,recursion,LLC+MEM,277,4,2400000,0,1..3,1293,3147,0
pi5,recursion,LLC+MEM,278,4,2400000,0,1..3,1293,3147,0
pi5,recursion,LLC+MEM,279,4,2400000,0,1..3,1293,3147,0
pi5,recursion,LLC+MEM,280,4,2400000,0,1..3,1293,3147,0
pi5,recursion,LLC+MEM,281,4,2400000,0,1..3,1293,3147,0
pi5,recursion,LLC+MEM,282,4,2400000,0,1..3,1293,3147,0
pi5,recursion,LLC+MEM,283,4,2400000,0,1..3,1293,3147,0
pi5,recursion,LLC+MEM,284,4,2400000,0,1..3,1293,3147,0
pi5,recursion,LLC+MEM,285,4,2400000,0,1..3,1293,3147,0
pi5,recursion,LLC+MEM,286,4,2400000,0,1..3,1293,3147,0
pi5,recursion,LLC+MEM,287,4,2400000,0,1..3,1293,3147,0
pi5,recursion,LLC+MEM,288,4,2400000,0,1..3,1293,3147,0
pi5,recursion,LLC+MEM,289,4,2400000,0,1..3,1293,3147,0
pi5,recursion,LLC+MEM,290,4,2400000,0,1..3,1293,3147,0
pi5,recursion,LLC+MEM,291,4,2400000,0,1..3,1293,3147,0
pi5,recursion,LLC+MEM,292,4,2400000,0,1..3,1293,3147,0
pi5,recursion,LLC+MEM,293,4,2400000,0,1..3,1293,3147,0
pi5,recursion,LLC+MEM,294,4,2400000,0,1..3,1293,3147,0
pi5,recursion,LLC+MEM,295,4,2400000,0,1..3,1293,3147,0
pi5,recursion,LLC+MEM,296,4,2400000,0,1..3,1293,3147,0
pi5,recursion,LLC+MEM,297,4,2400000,0,1..3,1293,3147,0
pi5,recursion,LLC+MEM,298,4,2400000,0,1..3,1293,3147,0
pi5,recursion,LLC+MEM,299,4,2400000,0,1..3,1293,3147,0
pi5,recursion,LLC+MEM,300,4,2400000,0,1..3,1293,3147,0
pi5,recursion,LLC+MEM,301,4,2400000,0,1..3,1304,3147,1
pi5,recursion,LLC+MEM,302,4,2400000,0,1..3,1293,3147,0
pi5,recursion,LLC+MEM,303,4,2400000,0,1..3,1293,3147,0
pi5,recursion,LLC+MEM,304,4,2400000,0,1..3,1293,3147,0
pi5,recursion,LLC+MEM,305,4,2400000,0,1..3,1293,3147,0
pi5,recursion,LLC+MEM,306,4,2400000,0,1..3,1293,3147,0
pi5,recursion,LLC+MEM,307,4,2400000,0,1..3,1293,3147,0
pi5,recursion,LLC+MEM,308,4,2400000,0,1..3,1293,3147,0
pi5,recursion,LLC+MEM,309,4,2400000,0,1..3,1293,3147,0
pi5,recursion,LLC+MEM,310,4,2400000,0,1..3,1293,3147,0
pi5,recursion,LLC+MEM,311,4,2400000,0,1..3,1293,3147,0
pi5,recursion,LLC+MEM,312,4,2400000,0,1..3,1293,3147,0
pi5,recursion,LLC+MEM,313,4,2400000,0,1..3,1293,3147,0
pi5,recursion,LLC+MEM,314,4,2400000,0,1..3,1293,3147,0
pi5,recursion,LLC+MEM,315,4,2400000,0,1..3,1293,3147,0
pi5,recursion,LLC+MEM,316,4,2400000,0,1..3,1293,3147,0
pi5,recursion,LLC+MEM,317,4,2400000,0,1..3,1293,3147,0
pi5,recursion,LLC+MEM,318,4,2400000,0,1..3,1293,3147,0
pi5,recursion,LLC+MEM,319,4,2400000,0,1..3,1295,3147,2
pi5,recursion,LLC+MEM,320,4,2400000,0,1..3,1293,3147,0
pi5,recursion,LLC+MEM,321,4,2400000,0,1..3,1293,3147,0
pi5,recursion,LLC+MEM,322,4,2400000,0,1..3,1293,3147,0
pi5,recursion,LLC+MEM,323,4,2400000,0,1..3,1293,3147,0
pi5,recursion,LLC+MEM,324,4,2400000,0,1..3,1293,3147,0
pi5,recursion,LLC+MEM,325,4,2400000,0,1..3,1293,3147,0
pi5,recursion,LLC+MEM,326,4,2400000,0,1..3,1293,3147,0
pi5,recursion,LLC+MEM,327,4,2400000,0,1..3,1293,3147,0
pi5,recursion,LLC+MEM,328,4,2400000,0,1..3,1293,3147,0
pi5,recursion,LLC+MEM,329,4,2400000,0,1..3,1293,3147,0
pi5,recursion,LLC+MEM,330,4,2400000,0,1..3,1293,3147,0
pi5,recursion,LLC+MEM,331,4,2400000,0,1..3,1293,3147,0
pi5,recursion,LLC+MEM,332,4,2400000,0,1..3,1293,3147,0
pi5,recursion,LLC+MEM,333,4,2400000,0,1..3,1293,3147,0
pi5,recursion,LLC+MEM,334,4,2400000,0,1..3,1293,3147,0
pi5,recursion,LLC+MEM,335,4,2400000,0,1..3,1293,3147,0
pi5,recursion,LLC+MEM,336,4,2400000,0,1..3,1293,3147,0
pi5,recursion,LLC+MEM,337,4,2400000,0,1..3,1338,3147,1
pi5,recursion,LLC+MEM,338,4,2400000,0,1..3,2303,3147,1
pi5,recursion,LLC+MEM,339,4,2400000,0,1..3,1293,3147,0
pi5,recursion,LLC+MEM,340,4,2400000,0,1..3,1293,3147,0
pi5,recursion,LLC+MEM,341,4,2400000,0,1..3,1293,3147,0
pi5,recursion,LLC+MEM,342,4,2400000,0,1..3,1293,3147,0
pi5,recursion,LLC+MEM,343,4,2400000,0,1..3,1293,3147,0
pi5,recursion,LLC+MEM,344,4,2400000,0,1..3,1293,3147,0
pi5,recursion,LLC+MEM,345,4,2400000,0,1..3,1293,3147,0
pi5,recursion,LLC+MEM,346,4,2400000,0,1..3,1293,3147,0
pi5,recursion,LLC+MEM,347,4,2400000,0,1..3,1293,3147,0
pi5,recursion,LLC+MEM,348,4,2400000,0,1..3,1293,3147,0
pi5,recursion,LLC+MEM,349,4,2400000,0,1..3,1293,3147,0
pi5,recursion,LLC+MEM,350,4,2400000,0,1..3,1293,3147,0
pi5,recursion,LLC+MEM,351,4,2400000,0,1..3,1293,3147,0
pi5,recursion,LLC+MEM,352,4,2400000,0,1..3,1293,3147,0
pi5,recursion,LLC+MEM,353,4,2400000,0,1..3,1293,3147,0
pi5,recursion,LLC+MEM,354,4,2400000,0,1..3,1293,3147,0
pi5,recursion,LLC+MEM,355,4,2400000,0,1..3,1293,3147,0
pi5,recursion,LLC+MEM,356,4,2400000,0,1..3,1293,3147,0
pi5,recursion,LLC+MEM,357,4,2400000,0,1..3,1293,3147,0
pi5,recursion,LLC+MEM,358,4,2400000,0,1..3,1293,3147,0
pi5,recursion,LLC+MEM,359,4,2400000,0,1..3,1293,3147,0
pi5,recursion,LLC+MEM,360,4,2400000,0,1..3,1293,3147,0
pi5,recursion,LLC+MEM,361,4,2400000,0,1..3,1293,3147,0
pi5,recursion,LLC+MEM,362,4,2400000,0,1..3,1293,3147,0
pi5,recursion,LLC+MEM,363,4,2400000,0,1..3,1293,3147,0
pi5,recursion,LLC+MEM,364,4,2400000,0,1..3,1293,3147,0
pi5,recursion,LLC+MEM,365,4,2400000,0,1..3,1293,3147,0
pi5,recursion,LLC+MEM,366,4,2400000,0,1..3,1293,3147,0
pi5,recursion,LLC+MEM,367,4,2400000,0,1..3,1293,3147,0
pi5,recursion,LLC+MEM,368,4,2400000,0,1..3,1293,3147,0
pi5,recursion,LLC+MEM,369,4,2400000,0,1..3,1293,3147,0
pi5,recursion,LLC+MEM,370,4,2400000,0,1..3,1293,3147,0
pi5,recursion,LLC+MEM,371,4,2400000,0,1..3,1293,3147,0
pi5,recursion,LLC+MEM,372,4,2400000,0,1..3,1293,3147,0
pi5,recursion,LLC+MEM,373,4,2400000,0,1..3,1293,3147,0
pi5,recursion,LLC+MEM,374,4,2400000,0,1..3,1293,3147,0
pi5,recursion,LLC+MEM,375,4,2400000,0,1..3,1293,3147,0
pi5,recursion,LLC+MEM,376,4,2400000,0,1..3,1293,3147,0
pi5,recursion,LLC+MEM,377,4,2400000,0,1..3,1293,3147,0
pi5,recursion,LLC+MEM,378,4,2400000,0,1..3,1293,3147,0
pi5,recursion,LLC+MEM,379,4,2400000,0,1..3,1293,3147,0
pi5,recursion,LLC+MEM,380,4,2400000,0,1..3,1293,3147,0
pi5,recursion,LLC+MEM,381,4,2400000,0,1..3,1293,3147,0
pi5,recursion,LLC+MEM,382,4,2400000,0,1..3,1293,3147,0
pi5,recursion,LLC+MEM,383,4,2400000,0,1..3,1293,3147,0
pi5,recursion,LLC+MEM,384,4,2400000,0,1..3,1293,3147,0
pi5,recursion,LLC+MEM,385,4,2400000,0,1..3,1293,3147,0
pi5,recursion,LLC+MEM,386,4,2400000,0,1..3,1293,3147,0
pi5,recursion,LLC+MEM,387,4,2400000,0,1..3,1293,3147,0
pi5,recursion,LLC+MEM,388,4,2400000,0,1..3,1293,3147,0
pi5,recursion,LLC+MEM,389,4,2400000,0,1..3,1331,3147,1
pi5,recursion,LLC+MEM,390,4,2400000,0,1..3,1293,3147,0
pi5,recursion,LLC+MEM,391,4,2400000,0,1..3,1293,3147,0
pi5,recursion,LLC+MEM,392,4,2400000,0,1..3,1293,3147,0
pi5,recursion,LLC+MEM,393,4,2400000,0,1..3,1293,3147,0
pi5,recursion,LLC+MEM,394,4,2400000,0,1..3,1312,3147,1
pi5,recursion,LLC+MEM,395,4,2400000,0,1..3,1293,3147,0
pi5,recursion,LLC+MEM,396,4,2400000,0,1..3,1293,3147,0
pi5,recursion,LLC+MEM,397,4,2400000,0,1..3,1293,3147,0
pi5,recursion,LLC+MEM,398,4,2400000,0,1..3,1293,3147,0
pi5,recursion,LLC+MEM,399,4,2400000,0,1..3,1293,3147,0
pi5,recursion,LLC+MEM,400,4,2400000,0,1..3,1293,3147,0
pi5,recursion,LLC+MEM,401,4,2400000,0,1..3,1293,3147,0
pi5,recursion,LLC+MEM,402,4,2400000,0,1..3,1293,3147,0
pi5,recursion,LLC+MEM,403,4,2400000,0,1..3,1293,3147,0
pi5,recursion,LLC+MEM,404,4,2400000,0,1..3,1293,3147,0
pi5,recursion,LLC+MEM,405,4,2400000,0,1..3,1293,3147,0
pi5,recursion,LLC+MEM,406,4,2400000,0,1..3,1293,3147,0
pi5,recursion,LLC+MEM,407,4,2400000,0,1..3,1293,3147,0
pi5,recursion,LLC+MEM,408,4,2400000,0,1..3,1293,3147,0
pi5,recursion,LLC+MEM,409,4,2400000,0,1..3,1293,3147,0
pi5,recursion,LLC+MEM,410,4,2400000,0,1..3,1293,3147,0
pi5,recursion,LLC+MEM,411,4,2400000,0,1..3,1293,3147,0
pi5,recursion,LLC+MEM,412,4,2400000,0,1..3,1293,3147,0
pi5,recursion,LLC+MEM,413,4,2400000,0,1..3,1293,3147,0
pi5,recursion,LLC+MEM,414,4,2400000,0,1..3,1293,3147,0
pi5,recursion,LLC+MEM,415,4,2400000,0,1..3,1293,3147,0
pi5,recursion,LLC+MEM,416,4,2400000,0,1..3,1293,3147,0
pi5,recursion,LLC+MEM,417,4,2400000,0,1..3,1293,3147,0
pi5,recursion,LLC+MEM,418,4,2400000,0,1..3,1293,3147,0
pi5,recursion,LLC+MEM,419,4,2400000,0,1..3,1293,3147,0
pi5,recursion,LLC+MEM,420,4,2400000,0,1..3,1293,3147,0
pi5,recursion,LLC+MEM,421,4,2400000,0,1..3,1293,3147,0
pi5,recursion,LLC+MEM,422,4,2400000,0,1..3,1293,3147,0
pi5,recursion,LLC+MEM,423,4,2400000,0,1..3,1293,3147,0
pi5,recursion,LLC+MEM,424,4,2400000,0,1..3,1293,3147,0
pi5,recursion,LLC+MEM,425,4,2400000,0,1..3,1293,3147,0
pi5,recursion,LLC+MEM,426,4,2400000,0,1..3,1293,3147,0
pi5,recursion,LLC+MEM,427,4,2400000,0,1..3,1979,3147,0
pi5,recursion,LLC+MEM,428,4,2400000,0,1..3,1293,3147,0
pi5,recursion,LLC+MEM,429,4,2400000,0,1..3,1293,3147,0
pi5,recursion,LLC+MEM,430,4,2400000,0,1..3,1293,3147,0
pi5,recursion,LLC+MEM,431,4,2400000,0,1..3,1293,3147,0
pi5,recursion,LLC+MEM,432,4,2400000,0,1..3,1293,3147,0
pi5,recursion,LLC+MEM,433,4,2400000,0,1..3,1293,3147,0
pi5,recursion,LLC+MEM,434,4,2400000,0,1..3,1293,3147,0
pi5,recursion,LLC+MEM,435,4,2400000,0,1..3,1293,3147,0
pi5,recursion,LLC+MEM,436,4,2400000,0,1..3,1293,3147,0
pi5,recursion,LLC+MEM,437,4,2400000,0,1..3,1293,3147,0
pi5,recursion,LLC+MEM,438,4,2400000,0,1..3,1293,3147,0
pi5,recursion,LLC+MEM,439,4,2400000,0,1..3,1293,3147,0
pi5,recursion,LLC+MEM,440,4,2400000,0,1..3,1293,3147,0
pi5,recursion,LLC+MEM,441,4,2400000,0,1..3,1293,3147,0
pi5,recursion,LLC+MEM,442,4,2400000,0,1..3,1293,3147,0
pi5,recursion,LLC+MEM,443,4,2400000,0,1..3,1293,3147,0
pi5,recursion,LLC+MEM,444,4,2400000,0,1..3,1293,3147,0
pi5,recursion,LLC+MEM,445,4,2400000,0,1..3,1293,3147,0
pi5,recursion,LLC+MEM,446,4,2400000,0,1..3,1293,3147,0
pi5,recursion,LLC+MEM,447,4,2400000,0,1..3,1293,3147,0
pi5,recursion,LLC+MEM,448,4,2400000,0,1..3,1293,3147,0
pi5,recursion,LLC+MEM,449,4,2400000,0,1..3,2962,3147,0
pi5,recursion,LLC+MEM,450,4,2400000,0,1..3,1293,3147,0
pi5,recursion,LLC+MEM,451,4,2400000,0,1..3,1293,3147,0
pi5,recursion,LLC+MEM,452,4,2400000,0,1..3,1293,3147,0
pi5,recursion,LLC+MEM,453,4,2400000,0,1..3,1293,3147,0
pi5,recursion,LLC+MEM,454,4,2400000,0,1..3,1293,3147,0
pi5,recursion,LLC+MEM,455,4,2400000,0,1..3,1293,3147,0
pi5,recursion,LLC+MEM,456,4,2400000,0,1..3,1293,3147,0
pi5,recursion,LLC+MEM,457,4,2400000,0,1..3,1293,3147,0
pi5,recursion,LLC+MEM,458,4,2400000,0,1..3,1293,3147,0
pi5,recursion,LLC+MEM,459,4,2400000,0,1..3,8847,3147,2
pi5,recursion,LLC+MEM,460,4,2400000,0,1..3,1293,3147,0
pi5,recursion,LLC+MEM,461,4,2400000,0,1..3,1293,3147,0
pi5,recursion,LLC+MEM,462,4,2400000,0,1..3,3403,3147,0
pi5,recursion,LLC+MEM,463,4,2400000,0,1..3,1293,3147,0
pi5,recursion,LLC+MEM,464,4,2400000,0,1..3,1293,3147,0
pi5,recursion,LLC+MEM,465,4,2400000,0,1..3,1293,3147,0
pi5,recursion,LLC+MEM,466,4,2400000,0,1..3,1293,3147,0
pi5,recursion,LLC+MEM,467,4,2400000,0,1..3,1293,3147,0
pi5,recursion,LLC+MEM,468,4,2400000,0,1..3,1293,3147,0
pi5,recursion,LLC+MEM,469,4,2400000,0,1..3,1293,3147,0
pi5,recursion,LLC+MEM,470,4,2400000,0,1..3,1293,3147,0
pi5,recursion,LLC+MEM,471,4,2400000,0,1..3,1303,3147,0
pi5,recursion,LLC+MEM,472,4,2400000,0,1..3,1293,3147,0
pi5,recursion,LLC+MEM,473,4,2400000,0,1..3,1293,3147,0
pi5,recursion,LLC+MEM,474,4,2400000,0,1..3,1304,3147,1
pi5,recursion,LLC+MEM,475,4,2400000,0,1..3,1293,3147,0
pi5,recursion,LLC+MEM,476,4,2400000,0,1..3,1293,3147,0
pi5,recursion,LLC+MEM,477,4,2400000,0,1..3,1293,3147,0
pi5,recursion,LLC+MEM,478,4,2400000,0,1..3,1293,3147,0
pi5,recursion,LLC+MEM,479,4,2400000,0,1..3,2128,3147,1
pi5,recursion,LLC+MEM,480,4,2400000,0,1..3,1293,3147,0
pi5,recursion,LLC+MEM,481,4,2400000,0,1..3,2773,3147,1
pi5,recursion,LLC+MEM,482,4,2400000,0,1..3,1293,3147,0
pi5,recursion,LLC+MEM,483,4,2400000,0,1..3,1293,3147,0
pi5,recursion,LLC+MEM,484,4,2400000,0,1..3,1293,3147,0
pi5,recursion,LLC+MEM,485,4,2400000,0,1..3,1293,3147,0
pi5,recursion,LLC+MEM,486,4,2400000,0,1..3,1293,3147,0
pi5,recursion,LLC+MEM,487,4,2400000,0,1..3,1293,3147,0
pi5,recursion,LLC+MEM,488,4,2400000,0,1..3,1293,3147,0
pi5,recursion,LLC+MEM,489,4,2400000,0,1..3,1293,3147,0
pi5,recursion,LLC+MEM,490,4,2400000,0,1..3,1313,3147,1
pi5,recursion,LLC+MEM,491,4,2400000,0,1..3,1293,3147,0
pi5,recursion,LLC+MEM,492,4,2400000,0,1..3,1293,3147,0
pi5,recursion,LLC+MEM,493,4,2400000,0,1..3,1293,3147,0
pi5,recursion,LLC+MEM,494,4,2400000,0,1..3,1293,3147,0
pi5,recursion,LLC+MEM,495,4,2400000,0,1..3,1293,3147,0
pi5,recursion,LLC+MEM,496,4,2400000,0,1..3,1293,3147,0
pi5,recursion,LLC+MEM,497,4,2400000,0,1..3,1293,3147,0
pi5,recursion,LLC+MEM,498,4,2400000,0,1..3,1293,3147,0
pi5,recursion,LLC+MEM,499,4,2400000,0,1..3,1293,3147,0
pi5,recursion,LLC+MEM,500,4,2400000,0,1..3,1293,3147,0
pi5,recursion,LLC+MEM,501,4,2400000,0,1..3,1293,3147,0
pi5,recursion,LLC+MEM,502,4,2400000,0,1..3,1293,3147,0
pi5,recursion,LLC+MEM,503,4,2400000,0,1..3,1293,3147,0
pi5,recursion,LLC+MEM,504,4,2400000,0,1..3,1293,3147,0
pi5,recursion,LLC+MEM,505,4,2400000,0,1..3,1293,3147,0
pi5,recursion,LLC+MEM,506,4,2400000,0,1..3,1293,3147,0
pi5,recursion,LLC+MEM,507,4,2400000,0,1..3,1293,3147,0
pi5,recursion,LLC+MEM,508,4,2400000,0,1..3,1293,3147,0
pi5,recursion,LLC+MEM,509,4,2400000,0,1..3,1293,3147,0
pi5,recursion,LLC+MEM,510,4,2400000,0,1..3,1293,3147,0
pi5,recursion,LLC+MEM,511,4,2400000,0,1..3,1293,3147,0
pi5,recursion,LLC+MEM,512,4,2400000,0,1..3,1293,3147,0
pi5,recursion,LLC+MEM,513,4,2400000,0,1..3,1293,3147,0
pi5,recursion,LLC+MEM,514,4,2400000,0,1..3,1293,3147,0
pi5,recursion,LLC+MEM,515,4,2400000,0,1..3,1293,3147,0
pi5,recursion,LLC+MEM,516,4,2400000,0,1..3,1293,3147,0
pi5,recursion,LLC+MEM,517,4,2400000,0,1..3,1293,3147,0
pi5,recursion,LLC+MEM,518,4,2400000,0,1..3,1293,3147,0
pi5,recursion,LLC+MEM,519,4,2400000,0,1..3,1293,3147,0
pi5,recursion,LLC+MEM,520,4,2400000,0,1..3,1293,3147,0
pi5,recursion,LLC+MEM,521,4,2400000,0,1..3,1293,3147,0
pi5,recursion,LLC+MEM,522,4,2400000,0,1..3,1293,3147,0
pi5,recursion,LLC+MEM,523,4,2400000,0,1..3,2619,3147,1
pi5,recursion,LLC+MEM,524,4,2400000,0,1..3,1293,3147,0
pi5,recursion,LLC+MEM,525,4,2400000,0,1..3,1293,3147,0
pi5,recursion,LLC+MEM,526,4,2400000,0,1..3,1293,3147,0
pi5,recursion,LLC+MEM,527,4,2400000,0,1..3,1293,3147,0
pi5,recursion,LLC+MEM,528,4,2400000,0,1..3,1293,3147,0
pi5,recursion,LLC+MEM,529,4,2400000,0,1..3,1293,3147,0
pi5,recursion,LLC+MEM,530,4,2400000,0,1..3,1293,3147,0
pi5,recursion,LLC+MEM,531,4,2400000,0,1..3,1293,3147,0
pi5,recursion,LLC+MEM,532,4,2400000,0,1..3,1293,3147,0
pi5,recursion,LLC+MEM,533,4,2400000,0,1..3,1293,3147,0
pi5,recursion,LLC+MEM,534,4,2400000,0,1..3,1293,3147,0
pi5,recursion,LLC+MEM,535,4,2400000,0,1..3,1293,3147,0
pi5,recursion,LLC+MEM,536,4,2400000,0,1..3,1293,3147,0
pi5,recursion,LLC+MEM,537,4,2400000,0,1..3,1293,3147,0
pi5,recursion,LLC+MEM,538,4,2400000,0,1..3,1293,3147,0
pi5,recursion,LLC+MEM,539,4,2400000,0,1..3,2767,3147,1
pi5,recursion,LLC+MEM,540,4,2400000,0,1..3,1293,3147,0
pi5,recursion,LLC+MEM,541,4,2400000,0,1..3,1293,3147,0
pi5,recursion,LLC+MEM,542,4,2400000,0,1..3,1293,3147,0
pi5,recursion,LLC+MEM,543,4,2400000,0,1..3,1293,3147,0
pi5,recursion,LLC+MEM,544,4,2400000,0,1..3,1293,3147,0
pi5,recursion,LLC+MEM,545,4,2400000,0,1..3,1293,3147,0
pi5,recursion,LLC+MEM,546,4,2400000,0,1..3,1293,3147,0
pi5,recursion,LLC+MEM,547,4,2400000,0,1..3,1293,3147,0
pi5,recursion,LLC+MEM,548,4,2400000,0,1..3,1293,3147,0
pi5,recursion,LLC+MEM,549,4,2400000,0,1..3,1293,3147,0
pi5,recursion,LLC+MEM,550,4,2400000,0,1..3,1293,3147,0
pi5,recursion,LLC+MEM,551,4,2400000,0,1..3,1293,3147,0
pi5,recursion,LLC+MEM,552,4,2400000,0,1..3,1293,3147,0
pi5,recursion,LLC+MEM,553,4,2400000,0,1..3,1293,3147,0
pi5,recursion,LLC+MEM,554,4,2400000,0,1..3,1293,3147,0
pi5,recursion,LLC+MEM,555,4,2400000,0,1..3,1293,3147,0
pi5,recursion,LLC+MEM,556,4,2400000,0,1..3,1293,3147,0
pi5,recursion,LLC+MEM,557,4,2400000,0,1..3,1293,3147,0
pi5,recursion,LLC+MEM,558,4,2400000,0,1..3,1293,3147,0
pi5,recursion,LLC+MEM,559,4,2400000,0,1..3,1313,3147,2
pi5,recursion,LLC+MEM,560,4,2400000,0,1..3,1293,3147,0
pi5,recursion,LLC+MEM,561,4,2400000,0,1..3,1293,3147,0
pi5,recursion,LLC+MEM,562,4,2400000,0,1..3,1293,3147,0
pi5,recursion,LLC+MEM,563,4,2400000,0,1..3,1293,3147,0
pi5,recursion,LLC+MEM,564,4,2400000,0,1..3,1293,3147,0
pi5,recursion,LLC+MEM,565,4,2400000,0,1..3,1293,3147,0
pi5,recursion,LLC+MEM,566,4,2400000,0,1..3,4503,3147,2
pi5,recursion,LLC+MEM,567,4,2400000,0,1..3,1293,3147,0
pi5,recursion,LLC+MEM,568,4,2400000,0,1..3,1293,3147,0
pi5,recursion,LLC+MEM,569,4,2400000,0,1..3,1293,3147,0
pi5,recursion,LLC+MEM,570,4,2400000,0,1..3,1293,3147,0
pi5,recursion,LLC+MEM,571,4,2400000,0,1..3,1293,3147,0
pi5,recursion,LLC+MEM,572,4,2400000,0,1..3,1293,3147,0
pi5,recursion,LLC+MEM,573,4,2400000,0,1..3,1293,3147,0
pi5,recursion,LLC+MEM,574,4,2400000,0,1..3,1293,3147,0
pi5,recursion,LLC+MEM,575,4,2400000,0,1..3,1293,3147,0
pi5,recursion,LLC+MEM,576,4,2400000,0,1..3,1293,3147,0
pi5,recursion,LLC+MEM,577,4,2400000,0,1..3,1293,3147,0
pi5,recursion,LLC+MEM,578,4,2400000,0,1..3,1293,3147,0
pi5,recursion,LLC+MEM,579,4,2400000,0,1..3,1293,3147,0
pi5,recursion,LLC+MEM,580,4,2400000,0,1..3,1293,3147,0
pi5,recursion,LLC+MEM,581,4,2400000,0,1..3,1293,3147,0
pi5,recursion,LLC+MEM,582,4,2400000,0,1..3,1293,3147,0
pi5,recursion,LLC+MEM,583,4,2400000,0,1..3,1293,3147,0
pi5,recursion,LLC+MEM,584,4,2400000,0,1..3,1293,3147,0
pi5,recursion,LLC+MEM,585,4,2400000,0,1..3,3051,3147,1
pi5,recursion,LLC+MEM,586,4,2400000,0,1..3,1293,3147,0
pi5,recursion,LLC+MEM,587,4,2400000,0,1..3,1293,3147,0
pi5,recursion,LLC+MEM,588,4,2400000,0,1..3,1293,3147,0
pi5,recursion,LLC+MEM,589,4,2400000,0,1..3,1293,3147,0
pi5,recursion,LLC+MEM,590,4,2400000,0,1..3,1293,3147,0
pi5,recursion,LLC+MEM,591,4,2400000,0,1..3,1293,3147,0
pi5,recursion,LLC+MEM,592,4,2400000,0,1..3,1293,3147,0
pi5,recursion,LLC+MEM,593,4,2400000,0,1..3,3185,3147,1
pi5,recursion,LLC+MEM,594,4,2400000,0,1..3,1293,3147,0
pi5,recursion,LLC+MEM,595,4,2400000,0,1..3,1293,3147,0
pi5,recursion,LLC+MEM,596,4,2400000,0,1..3,1293,3147,0
pi5,recursion,LLC+MEM,597,4,2400000,0,1..3,1293,3147,0
pi5,recursion,LLC+MEM,598,4,2400000,0,1..3,1293,3147,0
pi5,recursion,LLC+MEM,599,4,2400000,0,1..3,1293,3147,0
pi5,recursion,LLC+MEM,600,4,2400000,0,1..3,1293,3147,0
pi5,recursion,LLC+MEM,601,4,2400000,0,1..3,1293,3147,0
pi5,recursion,LLC+MEM,602,4,2400000,0,1..3,1293,3147,0
pi5,recursion,LLC+MEM,603,4,2400000,0,1..3,1293,3147,0
pi5,recursion,LLC+MEM,604,4,2400000,0,1..3,1293,3147,0
pi5,recursion,LLC+MEM,605,4,2400000,0,1..3,1293,3147,0
pi5,recursion,LLC+MEM,606,4,2400000,0,1..3,1293,3147,0
pi5,recursion,LLC+MEM,607,4,2400000,0,1..3,1293,3147,0
pi5,recursion,LLC+MEM,608,4,2400000,0,1..3,1293,3147,0
pi5,recursion,LLC+MEM,609,4,2400000,0,1..3,1293,3147,0
pi5,recursion,LLC+MEM,610,4,2400000,0,1..3,1293,3147,0
pi5,recursion,LLC+MEM,611,4,2400000,0,1..3,1293,3147,0
pi5,recursion,LLC+MEM,612,4,2400000,0,1..3,1293,3147,0
pi5,recursion,LLC+MEM,613,4,2400000,0,1..3,1293,3147,0
pi5,recursion,LLC+MEM,614,4,2400000,0,1..3,1293,3147,0
pi5,recursion,LLC+MEM,615,4,2400000,0,1..3,1293,3147,0
pi5,recursion,LLC+MEM,616,4,2400000,0,1..3,1293,3147,0
pi5,recursion,LLC+MEM,617,4,2400000,0,1..3,1293,3147,0
pi5,recursion,LLC+MEM,618,4,2400000,0,1..3,1293,3147,0
pi5,recursion,LLC+MEM,619,4,2400000,0,1..3,1293,3147,0
pi5,recursion,LLC+MEM,620,4,2400000,0,1..3,1293,3147,0
pi5,recursion,LLC+MEM,621,4,2400000,0,1..3,1293,3147,0
pi5,recursion,LLC+MEM,622,4,2400000,0,1..3,1293,3147,0
pi5,recursion,LLC+MEM,623,4,2400000,0,1..3,1293,3147,0
pi5,recursion,LLC+MEM,624,4,2400000,0,1..3,1293,3147,0
pi5,recursion,LLC+MEM,625,4,2400000,0,1..3,1293,3147,0
pi5,recursion,LLC+MEM,626,4,2400000,0,1..3,1293,3147,0
pi5,recursion,LLC+MEM,627,4,2400000,0,1..3,1293,3147,0
pi5,recursion,LLC+MEM,628,4,2400000,0,1..3,1293,3147,0
pi5,recursion,LLC+MEM,629,4,2400000,0,1..3,1293,3147,0
pi5,recursion,LLC+MEM,630,4,2400000,0,1..3,1365,3147,2
pi5,recursion,LLC+MEM,631,4,2400000,0,1..3,1293,3147,0
pi5,recursion,LLC+MEM,632,4,2400000,0,1..3,1293,3147,0
pi5,recursion,LLC+MEM,633,4,2400000,0,1..3,1293,3147,0
pi5,recursion,LLC+MEM,634,4,2400000,0,1..3,1293,3147,0
pi5,recursion,LLC+MEM,635,4,2400000,0,1..3,3466,3147,1
pi5,recursion,LLC+MEM,636,4,2400000,0,1..3,1293,3147,0
pi5,recursion,LLC+MEM,637,4,2400000,0,1..3,1293,3147,0
pi5,recursion,LLC+MEM,638,4,2400000,0,1..3,1293,3147,0
pi5,recursion,LLC+MEM,639,4,2400000,0,1..3,1293,3147,0
pi5,recursion,LLC+MEM,640,4,2400000,0,1..3,1293,3147,0
pi5,recursion,LLC+MEM,641,4,2400000,0,1..3,1293,3147,0
pi5,recursion,LLC+MEM,642,4,2400000,0,1..3,1293,3147,0
pi5,recursion,LLC+MEM,643,4,2400000,0,1..3,1293,3147,0
pi5,recursion,LLC+MEM,644,4,2400000,0,1..3,1293,3147,0
pi5,recursion,LLC+MEM,645,4,2400000,0,1..3,1293,3147,0
pi5,recursion,LLC+MEM,646,4,2400000,0,1..3,1293,3147,0
pi5,recursion,LLC+MEM,647,4,2400000,0,1..3,1293,3147,0
pi5,recursion,LLC+MEM,648,4,2400000,0,1..3,1293,3147,0
pi5,recursion,LLC+MEM,649,4,2400000,0,1..3,1293,3147,0
pi5,recursion,LLC+MEM,650,4,2400000,0,1..3,1293,3147,0
pi5,recursion,LLC+MEM,651,4,2400000,0,1..3,1293,3147,0
pi5,recursion,LLC+MEM,652,4,2400000,0,1..3,1293,3147,0
pi5,recursion,LLC+MEM,653,4,2400000,0,1..3,1293,3147,0
pi5,recursion,LLC+MEM,654,4,2400000,0,1..3,1293,3147,0
pi5,recursion,LLC+MEM,655,4,2400000,0,1..3,1293,3147,0
pi5,recursion,LLC+MEM,656,4,2400000,0,1..3,1293,3147,0
pi5,recursion,LLC+MEM,657,4,2400000,0,1..3,1293,3147,0
pi5,recursion,LLC+MEM,658,4,2400000,0,1..3,1293,3147,0
pi5,recursion,LLC+MEM,659,4,2400000,0,1..3,1293,3147,0
pi5,recursion,LLC+MEM,660,4,2400000,0,1..3,1293,3147,0
pi5,recursion,LLC+MEM,661,4,2400000,0,1..3,1293,3147,0
pi5,recursion,LLC+MEM,662,4,2400000,0,1..3,1293,3147,0
pi5,recursion,LLC+MEM,663,4,2400000,0,1..3,1293,3147,0
pi5,recursion,LLC+MEM,664,4,2400000,0,1..3,1293,3147,0
pi5,recursion,LLC+MEM,665,4,2400000,0,1..3,1293,3147,0
pi5,recursion,LLC+MEM,666,4,2400000,0,1..3,1293,3147,0
pi5,recursion,LLC+MEM,667,4,2400000,0,1..3,1293,3147,0
pi5,recursion,LLC+MEM,668,4,2400000,0,1..3,1293,3147,0
pi5,recursion,LLC+MEM,669,4,2400000,0,1..3,1293,3147,0
pi5,recursion,LLC+MEM,670,4,2400000,0,1..3,1293,3147,0
pi5,recursion,LLC+MEM,671,4,2400000,0,1..3,1293,3147,0
pi5,recursion,LLC+MEM,672,4,2400000,0,1..3,1293,3147,0
pi5,recursion,LLC+MEM,673,4,2400000,0,1..3,1293,3147,0
pi5,recursion,LLC+MEM,674,4,2400000,0,1..3,1293,3147,0
pi5,recursion,LLC+MEM,675,4,2400000,0,1..3,1293,3147,0
pi5,recursion,LLC+MEM,676,4,2400000,0,1..3,1293,3147,0
pi5,recursion,LLC+MEM,677,4,2400000,0,1..3,1293,3147,0
pi5,recursion,LLC+MEM,678,4,2400000,0,1..3,1293,3147,0
pi5,recursion,LLC+MEM,679,4,2400000,0,1..3,1293,3147,0
pi5,recursion,LLC+MEM,680,4,2400000,0,1..3,1293,3147,0
pi5,recursion,LLC+MEM,681,4,2400000,0,1..3,1293,3147,0
pi5,recursion,LLC+MEM,682,4,2400000,0,1..3,1293,3147,0
pi5,recursion,LLC+MEM,683,4,2400000,0,1..3,1293,3147,0
pi5,recursion,LLC+MEM,684,4,2400000,0,1..3,1293,3147,0
pi5,recursion,LLC+MEM,685,4,2400000,0,1..3,1293,3147,0
pi5,recursion,LLC+MEM,686,4,2400000,0,1..3,1293,3147,0
pi5,recursion,LLC+MEM,687,4,2400000,0,1..3,1293,3147,0
pi5,recursion,LLC+MEM,688,4,2400000,0,1..3,1293,3147,0
pi5,recursion,LLC+MEM,689,4,2400000,0,1..3,1293,3147,0
pi5,recursion,LLC+MEM,690,4,2400000,0,1..3,1293,3147,0
pi5,recursion,LLC+MEM,691,4,2400000,0,1..3,1293,3147,0
pi5,recursion,LLC+MEM,692,4,2400000,0,1..3,1293,3147,0
pi5,recursion,LLC+MEM,693,4,2400000,0,1..3,1293,3147,0
pi5,recursion,LLC+MEM,694,4,2400000,0,1..3,1293,3147,0
pi5,recursion,LLC+MEM,695,4,2400000,0,1..3,1293,3147,0
pi5,recursion,LLC+MEM,696,4,2400000,0,1..3,1293,3147,0
pi5,recursion,LLC+MEM,697,4,2400000,0,1..3,1293,3147,0
pi5,recursion,LLC+MEM,698,4,2400000,0,1..3,1293,3147,0
pi5,recursion,LLC+MEM,699,4,2400000,0,1..3,1293,3147,0
pi5,recursion,LLC+MEM,700,4,2400000,0,1..3,1293,3147,0
pi5,recursion,LLC+MEM,701,4,2400000,0,1..3,1293,3147,0
pi5,recursion,LLC+MEM,702,4,2400000,0,1..3,1293,3147,0
pi5,recursion,LLC+MEM,703,4,2400000,0,1..3,1495,3147,2
pi5,recursion,LLC+MEM,704,4,2400000,0,1..3,1293,3147,0
pi5,recursion,LLC+MEM,705,4,2400000,0,1..3,1293,3147,0
pi5,recursion,LLC+MEM,706,4,2400000,0,1..3,1293,3147,0
pi5,recursion,LLC+MEM,707,4,2400000,0,1..3,1293,3147,0
pi5,recursion,LLC+MEM,708,4,2400000,0,1..3,1293,3147,0
pi5,recursion,LLC+MEM,709,4,2400000,0,1..3,1293,3147,0
pi5,recursion,LLC+MEM,710,4,2400000,0,1..3,1293,3147,0
pi5,recursion,LLC+MEM,711,4,2400000,0,1..3,1293,3147,0
pi5,recursion,LLC+MEM,712,4,2400000,0,1..3,1293,3147,0
pi5,recursion,LLC+MEM,713,4,2400000,0,1..3,1293,3147,0
pi5,recursion,LLC+MEM,714,4,2400000,0,1..3,1293,3147,0
pi5,recursion,LLC+MEM,715,4,2400000,0,1..3,1293,3147,0
pi5,recursion,LLC+MEM,716,4,2400000,0,1..3,1293,3147,0
pi5,recursion,LLC+MEM,717,4,2400000,0,1..3,1293,3147,0
pi5,recursion,LLC+MEM,718,4,2400000,0,1..3,1293,3147,0
pi5,recursion,LLC+MEM,719,4,2400000,0,1..3,4140,3147,1
pi5,recursion,LLC+MEM,720,4,2400000,0,1..3,1293,3147,0
pi5,recursion,LLC+MEM,721,4,2400000,0,1..3,1293,3147,0
pi5,recursion,LLC+MEM,722,4,2400000,0,1..3,1293,3147,0
pi5,recursion,LLC+MEM,723,4,2400000,0,1..3,1293,3147,0
pi5,recursion,LLC+MEM,724,4,2400000,0,1..3,1293,3147,0
pi5,recursion,LLC+MEM,725,4,2400000,0,1..3,1293,3147,0
pi5,recursion,LLC+MEM,726,4,2400000,0,1..3,1293,3147,0
pi5,recursion,LLC+MEM,727,4,2400000,0,1..3,1293,3147,0
pi5,recursion,LLC+MEM,728,4,2400000,0,1..3,1293,3147,0
pi5,recursion,LLC+MEM,729,4,2400000,0,1..3,1304,3147,1
pi5,recursion,LLC+MEM,730,4,2400000,0,1..3,1293,3147,0
pi5,recursion,LLC+MEM,731,4,2400000,0,1..3,1304,3147,1
pi5,recursion,LLC+MEM,732,4,2400000,0,1..3,1293,3147,0
pi5,recursion,LLC+MEM,733,4,2400000,0,1..3,1293,3147,0
pi5,recursion,LLC+MEM,734,4,2400000,0,1..3,1293,3147,0
pi5,recursion,LLC+MEM,735,4,2400000,0,1..3,1293,3147,0
pi5,recursion,LLC+MEM,736,4,2400000,0,1..3,1293,3147,0
pi5,recursion,LLC+MEM,737,4,2400000,0,1..3,1293,3147,0
pi5,recursion,LLC+MEM,738,4,2400000,0,1..3,1293,3147,0
pi5,recursion,LLC+MEM,739,4,2400000,0,1..3,1293,3147,0
pi5,recursion,LLC+MEM,740,4,2400000,0,1..3,1293,3147,0
pi5,recursion,LLC+MEM,741,4,2400000,0,1..3,1293,3147,0
pi5,recursion,LLC+MEM,742,4,2400000,0,1..3,1293,3147,0
pi5,recursion,LLC+MEM,743,4,2400000,0,1..3,1293,3147,0
pi5,recursion,LLC+MEM,744,4,2400000,0,1..3,3119,3147,1
pi5,recursion,LLC+MEM,745,4,2400000,0,1..3,1293,3147,0
pi5,recursion,LLC+MEM,746,4,2400000,0,1..3,1293,3147,0
pi5,recursion,LLC+MEM,747,4,2400000,0,1..3,1293,3147,0
pi5,recursion,LLC+MEM,748,4,2400000,0,1..3,1293,3147,0
pi5,recursion,LLC+MEM,749,4,2400000,0,1..3,1293,3147,0
pi5,recursion,LLC+MEM,750,4,2400000,0,1..3,1293,3147,0
pi5,recursion,LLC+MEM,751,4,2400000,0,1..3,1293,3147,0
pi5,recursion,LLC+MEM,752,4,2400000,0,1..3,1293,3147,0
pi5,recursion,LLC+MEM,753,4,2400000,0,1..3,1293,3147,0
pi5,recursion,LLC+MEM,754,4,2400000,0,1..3,1293,3147,0
pi5,recursion,LLC+MEM,755,4,2400000,0,1..3,1293,3147,0
pi5,recursion,LLC+MEM,756,4,2400000,0,1..3,2257,3147,1
pi5,recursion,LLC+MEM,757,4,2400000,0,1..3,1293,3147,0
pi5,recursion,LLC+MEM,758,4,2400000,0,1..3,1293,3147,0
pi5,recursion,LLC+MEM,759,4,2400000,0,1..3,1293,3147,0
pi5,recursion,LLC+MEM,760,4,2400000,0,1..3,1293,3147,0
pi5,recursion,LLC+MEM,761,4,2400000,0,1..3,1293,3147,0
pi5,recursion,LLC+MEM,762,4,2400000,0,1..3,1293,3147,0
pi5,recursion,LLC+MEM,763,4,2400000,0,1..3,1293,3147,0
pi5,recursion,LLC+MEM,764,4,2400000,0,1..3,1293,3147,0
pi5,recursion,LLC+MEM,765,4,2400000,0,1..3,1293,3147,0
pi5,recursion,LLC+MEM,766,4,2400000,0,1..3,1293,3147,0
pi5,recursion,LLC+MEM,767,4,2400000,0,1..3,1293,3147,0
pi5,recursion,LLC+MEM,768,4,2400000,0,1..3,4163,3147,0
pi5,recursion,LLC+MEM,769,4,2400000,0,1..3,1293,3147,0
pi5,recursion,LLC+MEM,770,4,2400000,0,1..3,4133,3147,1
pi5,recursion,LLC+MEM,771,4,2400000,0,1..3,1293,3147,0
pi5,recursion,LLC+MEM,772,4,2400000,0,1..3,1293,3147,0
pi5,recursion,LLC+MEM,773,4,2400000,0,1..3,1293,3147,0
pi5,recursion,LLC+MEM,774,4,2400000,0,1..3,1293,3147,0
pi5,recursion,LLC+MEM,775,4,2400000,0,1..3,1293,3147,0
pi5,recursion,LLC+MEM,776,4,2400000,0,1..3,1293,3147,0
pi5,recursion,LLC+MEM,777,4,2400000,0,1..3,1293,3147,0
pi5,recursion,LLC+MEM,778,4,2400000,0,1..3,1293,3147,0
pi5,recursion,LLC+MEM,779,4,2400000,0,1..3,1293,3147,0
pi5,recursion,LLC+MEM,780,4,2400000,0,1..3,1293,3147,0
pi5,recursion,LLC+MEM,781,4,2400000,0,1..3,1293,3147,0
pi5,recursion,LLC+MEM,782,4,2400000,0,1..3,1293,3147,0
pi5,recursion,LLC+MEM,783,4,2400000,0,1..3,1293,3147,0
pi5,recursion,LLC+MEM,784,4,2400000,0,1..3,1293,3147,0
pi5,recursion,LLC+MEM,785,4,2400000,0,1..3,1293,3147,0
pi5,recursion,LLC+MEM,786,4,2400000,0,1..3,1293,3147,0
pi5,recursion,LLC+MEM,787,4,2400000,0,1..3,1293,3147,0
pi5,recursion,LLC+MEM,788,4,2400000,0,1..3,1293,3147,0
pi5,recursion,LLC+MEM,789,4,2400000,0,1..3,4732,3147,2
pi5,recursion,LLC+MEM,790,4,2400000,0,1..3,1293,3147,0
pi5,recursion,LLC+MEM,791,4,2400000,0,1..3,1293,3147,0
pi5,recursion,LLC+MEM,792,4,2400000,0,1..3,1293,3147,0
pi5,recursion,LLC+MEM,793,4,2400000,0,1..3,1293,3147,0
pi5,recursion,LLC+MEM,794,4,2400000,0,1..3,1293,3147,0
pi5,recursion,LLC+MEM,795,4,2400000,0,1..3,2959,3147,1
pi5,recursion,LLC+MEM,796,4,2400000,0,1..3,4545,3147,1
pi5,recursion,LLC+MEM,797,4,2400000,0,1..3,1293,3147,0
pi5,recursion,LLC+MEM,798,4,2400000,0,1..3,4338,3147,1
pi5,recursion,LLC+MEM,799,4,2400000,0,1..3,1293,3147,0
pi5,recursion,LLC+MEM,800,4,2400000,0,1..3,1293,3147,0
pi5,recursion,LLC+MEM,801,4,2400000,0,1..3,1293,3147,0
pi5,recursion,LLC+MEM,802,4,2400000,0,1..3,1293,3147,0
pi5,recursion,LLC+MEM,803,4,2400000,0,1..3,1293,3147,0
pi5,recursion,LLC+MEM,804,4,2400000,0,1..3,1293,3147,0
pi5,recursion,LLC+MEM,805,4,2400000,0,1..3,1293,3147,0
pi5,recursion,LLC+MEM,806,4,2400000,0,1..3,1293,3147,0
pi5,recursion,LLC+MEM,807,4,2400000,0,1..3,1293,3147,0
pi5,recursion,LLC+MEM,808,4,2400000,0,1..3,1293,3147,0
pi5,recursion,LLC+MEM,809,4,2400000,0,1..3,1293,3147,0
pi5,recursion,LLC+MEM,810,4,2400000,0,1..3,1293,3147,0
pi5,recursion,LLC+MEM,811,4,2400000,0,1..3,1293,3147,0
pi5,recursion,LLC+MEM,812,4,2400000,0,1..3,1293,3147,0
pi5,recursion,LLC+MEM,813,4,2400000,0,1..3,1293,3147,0
pi5,recursion,LLC+MEM,814,4,2400000,0,1..3,1293,3147,0
pi5,recursion,LLC+MEM,815,4,2400000,0,1..3,1293,3147,0
pi5,recursion,LLC+MEM,816,4,2400000,0,1..3,1293,3147,0
pi5,recursion,LLC+MEM,817,4,2400000,0,1..3,1293,3147,0
pi5,recursion,LLC+MEM,818,4,2400000,0,1..3,1293,3147,0
pi5,recursion,LLC+MEM,819,4,2400000,0,1..3,1293,3147,0
pi5,recursion,LLC+MEM,820,4,2400000,0,1..3,1293,3147,0
pi5,recursion,LLC+MEM,821,4,2400000,0,1..3,1293,3147,0
pi5,recursion,LLC+MEM,822,4,2400000,0,1..3,1293,3147,0
pi5,recursion,LLC+MEM,823,4,2400000,0,1..3,1293,3147,0
pi5,recursion,LLC+MEM,824,4,2400000,0,1..3,1293,3147,0
pi5,recursion,LLC+MEM,825,4,2400000,0,1..3,1293,3147,0
pi5,recursion,LLC+MEM,826,4,2400000,0,1..3,1293,3147,0
pi5,recursion,LLC+MEM,827,4,2400000,0,1..3,2285,3147,0
pi5,recursion,LLC+MEM,828,4,2400000,0,1..3,1293,3147,0
pi5,recursion,LLC+MEM,829,4,2400000,0,1..3,1293,3147,0
pi5,recursion,LLC+MEM,830,4,2400000,0,1..3,1293,3147,0
pi5,recursion,LLC+MEM,831,4,2400000,0,1..3,1293,3147,0
pi5,recursion,LLC+MEM,832,4,2400000,0,1..3,1293,3147,0
pi5,recursion,LLC+MEM,833,4,2400000,0,1..3,1293,3147,0
pi5,recursion,LLC+MEM,834,4,2400000,0,1..3,1293,3147,0
pi5,recursion,LLC+MEM,835,4,2400000,0,1..3,1293,3147,0
pi5,recursion,LLC+MEM,836,4,2400000,0,1..3,1293,3147,0
pi5,recursion,LLC+MEM,837,4,2400000,0,1..3,1293,3147,0
pi5,recursion,LLC+MEM,838,4,2400000,0,1..3,1293,3147,0
pi5,recursion,LLC+MEM,839,4,2400000,0,1..3,1293,3147,0
pi5,recursion,LLC+MEM,840,4,2400000,0,1..3,1293,3147,0
pi5,recursion,LLC+MEM,841,4,2400000,0,1..3,1293,3147,0
pi5,recursion,LLC+MEM,842,4,2400000,0,1..3,1293,3147,0
pi5,recursion,LLC+MEM,843,4,2400000,0,1..3,1293,3147,0
pi5,recursion,LLC+MEM,844,4,2400000,0,1..3,1293,3147,0
pi5,recursion,LLC+MEM,845,4,2400000,0,1..3,1293,3147,0
pi5,recursion,LLC+MEM,846,4,2400000,0,1..3,1293,3147,0
pi5,recursion,LLC+MEM,847,4,2400000,0,1..3,1293,3147,0
pi5,recursion,LLC+MEM,848,4,2400000,0,1..3,1293,3147,0
pi5,recursion,LLC+MEM,849,4,2400000,0,1..3,1293,3147,0
pi5,recursion,LLC+MEM,850,4,2400000,0,1..3,1293,3147,0
pi5,recursion,LLC+MEM,851,4,2400000,0,1..3,1293,3147,0
pi5,recursion,LLC+MEM,852,4,2400000,0,1..3,4355,3147,1
pi5,recursion,LLC+MEM,853,4,2400000,0,1..3,1293,3147,0
pi5,recursion,LLC+MEM,854,4,2400000,0,1..3,1293,3147,0
pi5,recursion,LLC+MEM,855,4,2400000,0,1..3,1293,3147,0
pi5,recursion,LLC+MEM,856,4,2400000,0,1..3,1293,3147,0
pi5,recursion,LLC+MEM,857,4,2400000,0,1..3,1293,3147,0
pi5,recursion,LLC+MEM,858,4,2400000,0,1..3,1293,3147,0
pi5,recursion,LLC+MEM,859,4,2400000,0,1..3,1293,3147,0
pi5,recursion,LLC+MEM,860,4,2400000,0,1..3,1293,3147,0
pi5,recursion,LLC+MEM,861,4,2400000,0,1..3,1293,3147,0
pi5,recursion,LLC+MEM,862,4,2400000,0,1..3,1293,3147,0
pi5,recursion,LLC+MEM,863,4,2400000,0,1..3,1293,3147,0
pi5,recursion,LLC+MEM,864,4,2400000,0,1..3,1293,3147,0
pi5,recursion,LLC+MEM,865,4,2400000,0,1..3,1293,3147,0
pi5,recursion,LLC+MEM,866,4,2400000,0,1..3,1293,3147,0
pi5,recursion,LLC+MEM,867,4,2400000,0,1..3,1293,3147,0
pi5,recursion,LLC+MEM,868,4,2400000,0,1..3,1293,3147,0
pi5,recursion,LLC+MEM,869,4,2400000,0,1..3,1293,3147,0
pi5,recursion,LLC+MEM,870,4,2400000,0,1..3,1293,3147,0
pi5,recursion,LLC+MEM,871,4,2400000,0,1..3,1293,3147,0
pi5,recursion,LLC+MEM,872,4,2400000,0,1..3,1293,3147,0
pi5,recursion,LLC+MEM,873,4,2400000,0,1..3,1293,3147,0
pi5,recursion,LLC+MEM,874,4,2400000,0,1..3,1293,3147,0
pi5,recursion,LLC+MEM,875,4,2400000,0,1..3,1293,3147,0
pi5,recursion,LLC+MEM,876,4,2400000,0,1..3,1293,3147,0
pi5,recursion,LLC+MEM,877,4,2400000,0,1..3,1293,3147,0
pi5,recursion,LLC+MEM,878,4,2400000,0,1..3,1293,3147,0
pi5,recursion,LLC+MEM,879,4,2400000,0,1..3,1293,3147,0
pi5,recursion,LLC+MEM,880,4,2400000,0,1..3,1293,3147,0
pi5,recursion,LLC+MEM,881,4,2400000,0,1..3,1293,3147,0
pi5,recursion,LLC+MEM,882,4,2400000,0,1..3,1293,3147,0
pi5,recursion,LLC+MEM,883,4,2400000,0,1..3,1293,3147,0
pi5,recursion,LLC+MEM,884,4,2400000,0,1..3,1293,3147,0
pi5,recursion,LLC+MEM,885,4,2400000,0,1..3,1293,3147,0
pi5,recursion,LLC+MEM,886,4,2400000,0,1..3,1293,3147,0
pi5,recursion,LLC+MEM,887,4,2400000,0,1..3,1293,3147,0
pi5,recursion,LLC+MEM,888,4,2400000,0,1..3,1293,3147,0
pi5,recursion,LLC+MEM,889,4,2400000,0,1..3,1293,3147,0
pi5,recursion,LLC+MEM,890,4,2400000,0,1..3,1293,3147,0
pi5,recursion,LLC+MEM,891,4,2400000,0,1..3,1293,3147,0
pi5,recursion,LLC+MEM,892,4,2400000,0,1..3,1293,3147,0
pi5,recursion,LLC+MEM,893,4,2400000,0,1..3,1293,3147,0
pi5,recursion,LLC+MEM,894,4,2400000,0,1..3,1293,3147,0
pi5,recursion,LLC+MEM,895,4,2400000,0,1..3,1293,3147,0
pi5,recursion,LLC+MEM,896,4,2400000,0,1..3,3488,3147,1
pi5,recursion,LLC+MEM,897,4,2400000,0,1..3,1293,3147,0
pi5,recursion,LLC+MEM,898,4,2400000,0,1..3,1293,3147,0
pi5,recursion,LLC+MEM,899,4,2400000,0,1..3,1293,3147,0
pi5,recursion,LLC+MEM,900,4,2400000,0,1..3,1293,3147,0
pi5,recursion,LLC+MEM,901,4,2400000,0,1..3,1293,3147,0
pi5,recursion,LLC+MEM,902,4,2400000,0,1..3,1293,3147,0
pi5,recursion,LLC+MEM,903,4,2400000,0,1..3,1293,3147,0
pi5,recursion,LLC+MEM,904,4,2400000,0,1..3,1293,3147,0
pi5,recursion,LLC+MEM,905,4,2400000,0,1..3,1293,3147,0
pi5,recursion,LLC+MEM,906,4,2400000,0,1..3,13523,3147,8
pi5,recursion,LLC+MEM,907,4,2400000,0,1..3,1717,3147,1
pi5,recursion,LLC+MEM,908,4,2400000,0,1..3,1293,3147,0
pi5,recursion,LLC+MEM,909,4,2400000,0,1..3,1517,3147,1
pi5,recursion,LLC+MEM,910,4,2400000,0,1..3,1293,3147,0
pi5,recursion,LLC+MEM,911,4,2400000,0,1..3,1293,3147,0
pi5,recursion,LLC+MEM,912,4,2400000,0,1..3,1293,3147,0
pi5,recursion,LLC+MEM,913,4,2400000,0,1..3,1293,3147,0
pi5,recursion,LLC+MEM,914,4,2400000,0,1..3,1293,3147,0
pi5,recursion,LLC+MEM,915,4,2400000,0,1..3,1293,3147,0
pi5,recursion,LLC+MEM,916,4,2400000,0,1..3,1293,3147,0
pi5,recursion,LLC+MEM,917,4,2400000,0,1..3,1293,3147,0
pi5,recursion,LLC+MEM,918,4,2400000,0,1..3,1293,3147,0
pi5,recursion,LLC+MEM,919,4,2400000,0,1..3,1293,3147,0
pi5,recursion,LLC+MEM,920,4,2400000,0,1..3,1293,3147,0
pi5,recursion,LLC+MEM,921,4,2400000,0,1..3,1293,3147,0
pi5,recursion,LLC+MEM,922,4,2400000,0,1..3,1293,3147,0
pi5,recursion,LLC+MEM,923,4,2400000,0,1..3,1293,3147,0
pi5,recursion,LLC+MEM,924,4,2400000,0,1..3,1293,3147,0
pi5,recursion,LLC+MEM,925,4,2400000,0,1..3,1293,3147,0
pi5,recursion,LLC+MEM,926,4,2400000,0,1..3,1293,3147,0
pi5,recursion,LLC+MEM,927,4,2400000,0,1..3,1293,3147,0
pi5,recursion,LLC+MEM,928,4,2400000,0,1..3,1293,3147,0
pi5,recursion,LLC+MEM,929,4,2400000,0,1..3,1293,3147,0
pi5,recursion,LLC+MEM,930,4,2400000,0,1..3,3555,3147,1
pi5,recursion,LLC+MEM,931,4,2400000,0,1..3,1293,3147,0
pi5,recursion,LLC+MEM,932,4,2400000,0,1..3,1293,3147,0
pi5,recursion,LLC+MEM,933,4,2400000,0,1..3,1293,3147,0
pi5,recursion,LLC+MEM,934,4,2400000,0,1..3,1293,3147,0
pi5,recursion,LLC+MEM,935,4,2400000,0,1..3,1293,3147,0
pi5,recursion,LLC+MEM,936,4,2400000,0,1..3,1293,3147,0
pi5,recursion,LLC+MEM,937,4,2400000,0,1..3,1293,3147,0
pi5,recursion,LLC+MEM,938,4,2400000,0,1..3,3059,3147,1
pi5,recursion,LLC+MEM,939,4,2400000,0,1..3,1293,3147,0
pi5,recursion,LLC+MEM,940,4,2400000,0,1..3,1293,3147,0
pi5,recursion,LLC+MEM,941,4,2400000,0,1..3,3144,3147,1
pi5,recursion,LLC+MEM,942,4,2400000,0,1..3,1293,3147,0
pi5,recursion,LLC+MEM,943,4,2400000,0,1..3,1293,3147,0
pi5,recursion,LLC+MEM,944,4,2400000,0,1..3,1293,3147,0
pi5,recursion,LLC+MEM,945,4,2400000,0,1..3,1293,3147,0
pi5,recursion,LLC+MEM,946,4,2400000,0,1..3,1293,3147,0
pi5,recursion,LLC+MEM,947,4,2400000,0,1..3,1293,3147,0
pi5,recursion,LLC+MEM,948,4,2400000,0,1..3,1293,3147,0
pi5,recursion,LLC+MEM,949,4,2400000,0,1..3,1293,3147,0
pi5,recursion,LLC+MEM,950,4,2400000,0,1..3,1293,3147,0
pi5,recursion,LLC+MEM,951,4,2400000,0,1..3,1293,3147,0
pi5,recursion,LLC+MEM,952,4,2400000,0,1..3,1293,3147,0
pi5,recursion,LLC+MEM,953,4,2400000,0,1..3,1293,3147,0
pi5,recursion,LLC+MEM,954,4,2400000,0,1..3,1293,3147,0
pi5,recursion,LLC+MEM,955,4,2400000,0,1..3,1293,3147,0
pi5,recursion,LLC+MEM,956,4,2400000,0,1..3,4592,3147,1
pi5,recursion,LLC+MEM,957,4,2400000,0,1..3,1293,3147,0
pi5,recursion,LLC+MEM,958,4,2400000,0,1..3,1293,3147,0
pi5,recursion,LLC+MEM,959,4,2400000,0,1..3,9573,3147,2
pi5,recursion,LLC+MEM,960,4,2400000,0,1..3,1293,3147,0
pi5,recursion,LLC+MEM,961,4,2400000,0,1..3,4322,3147,1
pi5,recursion,LLC+MEM,962,4,2400000,0,1..3,1293,3147,0
pi5,recursion,LLC+MEM,963,4,2400000,0,1..3,1293,3147,0
pi5,recursion,LLC+MEM,964,4,2400000,0,1..3,1293,3147,0
pi5,recursion,LLC+MEM,965,4,2400000,0,1..3,1293,3147,0
pi5,recursion,LLC+MEM,966,4,2400000,0,1..3,1293,3147,0
pi5,recursion,LLC+MEM,967,4,2400000,0,1..3,1293,3147,0
pi5,recursion,LLC+MEM,968,4,2400000,0,1..3,1293,3147,0
pi5,recursion,LLC+MEM,969,4,2400000,0,1..3,1293,3147,0
pi5,recursion,LLC+MEM,970,4,2400000,0,1..3,1293,3147,0
pi5,recursion,LLC+MEM,971,4,2400000,0,1..3,1293,3147,0
pi5,recursion,LLC+MEM,972,4,2400000,0,1..3,1293,3147,0
pi5,recursion,LLC+MEM,973,4,2400000,0,1..3,1293,3147,0
pi5,recursion,LLC+MEM,974,4,2400000,0,1..3,1293,3147,0
pi5,recursion,LLC+MEM,975,4,2400000,0,1..3,1293,3147,0
pi5,recursion,LLC+MEM,976,4,2400000,0,1..3,1293,3147,0
pi5,recursion,LLC+MEM,977,4,2400000,0,1..3,1293,3147,0
pi5,recursion,LLC+MEM,978,4,2400000,0,1..3,1293,3147,0
pi5,recursion,LLC+MEM,979,4,2400000,0,1..3,1293,3147,0
pi5,recursion,LLC+MEM,980,4,2400000,0,1..3,1293,3147,0
pi5,recursion,LLC+MEM,981,4,2400000,0,1..3,1293,3147,0
pi5,recursion,LLC+MEM,982,4,2400000,0,1..3,1293,3147,0
pi5,recursion,LLC+MEM,983,4,2400000,0,1..3,1293,3147,0
pi5,recursion,LLC+MEM,984,4,2400000,0,1..3,1293,3147,0
pi5,recursion,LLC+MEM,985,4,2400000,0,1..3,1293,3147,0
pi5,recursion,LLC+MEM,986,4,2400000,0,1..3,1293,3147,0
pi5,recursion,LLC+MEM,987,4,2400000,0,1..3,1293,3147,0
pi5,recursion,LLC+MEM,988,4,2400000,0,1..3,1293,3147,0
pi5,recursion,LLC+MEM,989,4,2400000,0,1..3,1293,3147,0
pi5,recursion,LLC+MEM,990,4,2400000,0,1..3,1293,3147,0
pi5,recursion,LLC+MEM,991,4,2400000,0,1..3,4115,3147,1
pi5,recursion,LLC+MEM,992,4,2400000,0,1..3,1293,3147,0
pi5,recursion,LLC+MEM,993,4,2400000,0,1..3,1293,3147,0
pi5,recursion,LLC+MEM,994,4,2400000,0,1..3,1293,3147,0
pi5,recursion,LLC+MEM,995,4,2400000,0,1..3,1293,3147,0
pi5,recursion,LLC+MEM,996,4,2400000,0,1..3,8109,3147,1
pi5,recursion,LLC+MEM,997,4,2400000,0,1..3,4002,3147,1
pi5,recursion,LLC+MEM,998,4,2400000,0,1..3,1293,3147,0
pi5,recursion,LLC+MEM,999,4,2400000,0,1..3,1293,3147,0
